asin,title,price,rating,image,product_url,ad_or_organic
B0DZF1485D,,"₹1,31,900.00",4.6 out of 5 stars.,,,Organic
B0DLJ82ZMT,,"₹2,01,990.00",4.1 out of 5 stars.,,,Organic
B0FWD948HC,,"₹1,64,490.00",5 out of 5 stars.,,,Organic
B0DZDDQ429,,"₹93,900",4.6 out of 5 stars,https://m.media-amazon.com/images/I/71pKJ+Mjd8L._AC_UY218_.jpg,https://www.amazon.in/sspa/click?ie=UTF8&spc=MTo4ODE4ODg3MDQxODM0Mjc5OjE3NjMxODQyNzc6c3BfYXRmOjMwMDQ5OTQ1MzM0NzQzMjo6MDo6&url=%2FApple-MacBook-13-inch-10-core-Unified%2Fdp%2FB0DZDDQ429%2Fref%3Dsr_1_1_sspa%3Fdib%3DeyJ2IjoiMSJ9.3esdK-8sSKKsoA-5uKgrXlL0UuxIRGp8kNWtxW6l2n9YUrYm7HUSl1XDjV0eeZxpf70_aMxKs2WLkm-RqsO2J8VDE0NoZw5Xty8ckuRKIvLENyHtLsZm0NKILiBXwkBmXpnqYFAjb4rBXnfqbtBdfHqKGdG8IyRDy8HGbkKZzbk6yLbEcsnD07dCC2RSO0155L6PvCE-j2rW_keHZzZemDzV_hrin698tVrAfe3z9EY._IWuiFgpsG-cpaXD0YWi3omVUzsKGrgZKsYHbZN_3GQ%26dib_tag%3Dse%26keywords%3Dlaptop%26qid%3D1763184277%26sr%3D8-1-spons%26aref%3DzsKjVxuqwq%26sp_csd%3Dd2lkZ2V0TmFtZT1zcF9hdGY%26psc%3D1&aref=zsKjVxuqwq&sp_cr=ZAZ,Ad
B0DZDDQ429,,,,,,Organic
B0FG2RJ9NC,,"₹40,990",3.8 out of 5 stars,https://m.media-amazon.com/images/I/7156bBh8W2L._AC_UY218_.jpg,https://www.amazon.in/sspa/click?ie=UTF8&spc=MTo4ODE4ODg3MDQxODM0Mjc5OjE3NjMxODQyNzc6c3BfYXRmOjMwMDc2NDEyOTE5NDIzMjo6MDo6&url=%2FDell-Vostro-Intel-Core-13th%2Fdp%2FB0FG2RJ9NC%2Fref%3Dsr_1_2_sspa%3Fdib%3DeyJ2IjoiMSJ9.3esdK-8sSKKsoA-5uKgrXlL0UuxIRGp8kNWtxW6l2n9YUrYm7HUSl1XDjV0eeZxpf70_aMxKs2WLkm-RqsO2J8VDE0NoZw5Xty8ckuRKIvLENyHtLsZm0NKILiBXwkBmXpnqYFAjb4rBXnfqbtBdfHqKGdG8IyRDy8HGbkKZzbk6yLbEcsnD07dCC2RSO0155L6PvCE-j2rW_keHZzZemDzV_hrin698tVrAfe3z9EY._IWuiFgpsG-cpaXD0YWi3omVUzsKGrgZKsYHbZN_3GQ%26dib_tag%3Dse%26keywords%3Dlaptop%26qid%3D1763184277%26sr%3D8-2-spons%26aref%3DPFgDCfHuZA%26sp_csd%3Dd2lkZ2V0TmFtZT1zcF9hdGY%26psc%3D1&aref=PFgDCfHuZA&sp_cr=ZAZ,Ad
B0FG2RJ9NC,,,,,,Organic
B0FDBLR2HT,,"₹32,400",4.6 out of 5 stars,https://m.media-amazon.com/images/I/712cUkgrVnL._AC_UY218_.jpg,https://www.amazon.in/HP-G10-i5-1135G7-Windows-Business/dp/B0FDBLR2HT/ref=sr_1_3?dib=eyJ2IjoiMSJ9.3esdK-8sSKKsoA-5uKgrXlL0UuxIRGp8kNWtxW6l2n9YUrYm7HUSl1XDjV0eeZxpf70_aMxKs2WLkm-RqsO2J8VDE0NoZw5Xty8ckuRKIvLENyHtLsZm0NKILiBXwkBmXpnqYFAjb4rBXnfqbtBdfHqKGdG8IyRDy8HGbkKZzbk6yLbEcsnD07dCC2RSO0155L6PvCE-j2rW_keHZzZemDzV_hrin698tVrAfe3z9EY._IWuiFgpsG-cpaXD0YWi3omVUzsKGrgZKsYHbZN_3GQ&dib_tag=se&keywords=laptop&qid=1763184277&sr=8-3,Organic
B0FDBLR2HT,,,,,,Organic
B0D7PSYS6B,,"₹21,990",3.4 out of 5 stars,https://m.media-amazon.com/images/I/61Y8j1QN5YL._AC_UY218_.jpg,https://www.amazon.in/Acer-Celeron-Processor-LPDDR4X-A324-45/dp/B0D7PSYS6B/ref=sr_1_4?dib=eyJ2IjoiMSJ9.3esdK-8sSKKsoA-5uKgrXlL0UuxIRGp8kNWtxW6l2n9YUrYm7HUSl1XDjV0eeZxpf70_aMxKs2WLkm-RqsO2J8VDE0NoZw5Xty8ckuRKIvLENyHtLsZm0NKILiBXwkBmXpnqYFAjb4rBXnfqbtBdfHqKGdG8IyRDy8HGbkKZzbk6yLbEcsnD07dCC2RSO0155L6PvCE-j2rW_keHZzZemDzV_hrin698tVrAfe3z9EY._IWuiFgpsG-cpaXD0YWi3omVUzsKGrgZKsYHbZN_3GQ&dib_tag=se&keywords=laptop&qid=1763184277&sr=8-4,Organic
B0D7PSYS6B,,,,,,Organic
B0CL7CMTXS,,"₹26,990",4.1 out of 5 stars,https://m.media-amazon.com/images/I/61AccNkmFFL._AC_UY218_.jpg,https://www.amazon.in/Lenovo-V15-Lifetime-Validity-Warranty/dp/B0CL7CMTXS/ref=sr_1_5?dib=eyJ2IjoiMSJ9.3esdK-8sSKKsoA-5uKgrXlL0UuxIRGp8kNWtxW6l2n9YUrYm7HUSl1XDjV0eeZxpf70_aMxKs2WLkm-RqsO2J8VDE0NoZw5Xty8ckuRKIvLENyHtLsZm0NKILiBXwkBmXpnqYFAjb4rBXnfqbtBdfHqKGdG8IyRDy8HGbkKZzbk6yLbEcsnD07dCC2RSO0155L6PvCE-j2rW_keHZzZemDzV_hrin698tVrAfe3z9EY._IWuiFgpsG-cpaXD0YWi3omVUzsKGrgZKsYHbZN_3GQ&dib_tag=se&keywords=laptop&qid=1763184277&sr=8-5,Organic
B0CL7CMTXS,,,,,,Organic
B0DZDDQ429,,"₹93,900",4.6 out of 5 stars,https://m.media-amazon.com/images/I/71pKJ+Mjd8L._AC_UL320_.jpg,https://www.amazon.in/sspa/click?ie=UTF8&spc=MTo0NTE1MTk0MTA2NTY4NTkyOjE3NjMxODQyNzc6c3Bfc2VhcmNoX3RoZW1hdGljOjMwMDQ5OTQ1MzM0NzQzMjo6MDo6&url=%2FApple-MacBook-13-inch-10-core-Unified%2Fdp%2FB0DZDDQ429%2Fref%3Dsxin_14_pa_sp_search_thematic_sspa%3Fcontent-id%3Damzn1.sym.0629fcb0-94ed-4eba-9abe-6c93c227c465%253Aamzn1.sym.0629fcb0-94ed-4eba-9abe-6c93c227c465%26cv_ct_cx%3Dlaptop%26keywords%3Dlaptop%26pd_rd_i%3DB0DZDDQ429%26pd_rd_r%3Def1ab363-923f-43b0-98cc-8f8299082b84%26pd_rd_w%3DKrHsn%26pd_rd_wg%3DvnuYo%26pf_rd_p%3D0629fcb0-94ed-4eba-9abe-6c93c227c465%26pf_rd_r%3DY2EDZS4Y9WRN3YGM6MSN%26qid%3D1763184277%26sbo%3DRZvfv%252F%252FHxDF%252BO5021pAnSA%253D%253D%26sr%3D1-1-66673dcf-083f-43ba-b782-d4a436cc5cfb-spons%26aref%3DzsKjVxuqwq%26sp_csd%3Dd2lkZ2V0TmFtZT1zcF9zZWFyY2hfdGhlbWF0aWM%26psc%3D1&aref=zsKjVxuqwq&sp_cr=ZAZ,Organic
B0DZDDQ429,,,,,,Organic
B0DLJ7SJRK,,"₹2,79,990",4.4 out of 5 stars,https://m.media-amazon.com/images/I/613+7m34z2L._AC_UL320_.jpg,https://www.amazon.in/sspa/click?ie=UTF8&spc=MTo0NTE1MTk0MTA2NTY4NTkyOjE3NjMxODQyNzc6c3Bfc2VhcmNoX3RoZW1hdGljOjMwMDM5Mjk2MzMyNjkzMjo6MTo6&url=%2FApple-MacBook-Laptop-14%25E2%2580%2591core-20%25E2%2580%2591core%2Fdp%2FB0DLJ7SJRK%2Fref%3Dsxin_14_pa_sp_search_thematic_sspa%3Fcontent-id%3Damzn1.sym.0629fcb0-94ed-4eba-9abe-6c93c227c465%253Aamzn1.sym.0629fcb0-94ed-4eba-9abe-6c93c227c465%26cv_ct_cx%3Dlaptop%26keywords%3Dlaptop%26pd_rd_i%3DB0DLJ7SJRK%26pd_rd_r%3Def1ab363-923f-43b0-98cc-8f8299082b84%26pd_rd_w%3DKrHsn%26pd_rd_wg%3DvnuYo%26pf_rd_p%3D0629fcb0-94ed-4eba-9abe-6c93c227c465%26pf_rd_r%3DY2EDZS4Y9WRN3YGM6MSN%26qid%3D1763184277%26sbo%3DRZvfv%252F%252FHxDF%252BO5021pAnSA%253D%253D%26sr%3D1-2-66673dcf-083f-43ba-b782-d4a436cc5cfb-spons%26aref%3DFYrZffTVjO%26sp_csd%3Dd2lkZ2V0TmFtZT1zcF9zZWFyY2hfdGhlbWF0aWM%26psc%3D1&aref=FYrZffTVjO&sp_cr=ZAZ,Organic
B0DLJ7SJRK,,,,,,Organic
B0FWDBH2T2,,"₹2,02,990",5.0 out of 5 stars,https://m.media-amazon.com/images/I/615tKndaduL._AC_UL320_.jpg,https://www.amazon.in/sspa/click?ie=UTF8&spc=MTo0NTE1MTk0MTA2NTY4NTkyOjE3NjMxODQyNzc6c3Bfc2VhcmNoX3RoZW1hdGljOjMwMDc5NDY5ODUxMTYzMjo6Mjo6&url=%2FApple-2025-MacBook-Laptop-10%25E2%2580%2591core%2Fdp%2FB0FWDBH2T2%2Fref%3Dsxin_14_pa_sp_search_thematic_sspa%3Fcontent-id%3Damzn1.sym.0629fcb0-94ed-4eba-9abe-6c93c227c465%253Aamzn1.sym.0629fcb0-94ed-4eba-9abe-6c93c227c465%26cv_ct_cx%3Dlaptop%26keywords%3Dlaptop%26pd_rd_i%3DB0FWDBH2T2%26pd_rd_r%3Def1ab363-923f-43b0-98cc-8f8299082b84%26pd_rd_w%3DKrHsn%26pd_rd_wg%3DvnuYo%26pf_rd_p%3D0629fcb0-94ed-4eba-9abe-6c93c227c465%26pf_rd_r%3DY2EDZS4Y9WRN3YGM6MSN%26qid%3D1763184277%26sbo%3DRZvfv%252F%252FHxDF%252BO5021pAnSA%253D%253D%26sr%3D1-3-66673dcf-083f-43ba-b782-d4a436cc5cfb-spons%26aref%3D1cHwUP0Uyl%26sp_csd%3Dd2lkZ2V0TmFtZT1zcF9zZWFyY2hfdGhlbWF0aWM%26psc%3D1&aref=1cHwUP0Uyl&sp_cr=ZAZ,Organic
B0FWDBH2T2,,,,,,Organic
B0DLJ82ZMT,,"₹2,01,990",4.1 out of 5 stars,https://m.media-amazon.com/images/I/61eA9PkZ07L._AC_UL320_.jpg,https://www.amazon.in/sspa/click?ie=UTF8&spc=MTo0NTE1MTk0MTA2NTY4NTkyOjE3NjMxODQyNzc6c3Bfc2VhcmNoX3RoZW1hdGljOjMwMDM5Mjk2MzMyNjQzMjo6Mzo6&url=%2FApple-2024-MacBook-Laptop-10%25E2%2580%2591core%2Fdp%2FB0DLJ82ZMT%2Fref%3Dsxin_14_pa_sp_search_thematic_sspa%3Fcontent-id%3Damzn1.sym.0629fcb0-94ed-4eba-9abe-6c93c227c465%253Aamzn1.sym.0629fcb0-94ed-4eba-9abe-6c93c227c465%26cv_ct_cx%3Dlaptop%26keywords%3Dlaptop%26pd_rd_i%3DB0DLJ82ZMT%26pd_rd_r%3Def1ab363-923f-43b0-98cc-8f8299082b84%26pd_rd_w%3DKrHsn%26pd_rd_wg%3DvnuYo%26pf_rd_p%3D0629fcb0-94ed-4eba-9abe-6c93c227c465%26pf_rd_r%3DY2EDZS4Y9WRN3YGM6MSN%26qid%3D1763184277%26sbo%3DRZvfv%252F%252FHxDF%252BO5021pAnSA%253D%253D%26sr%3D1-4-66673dcf-083f-43ba-b782-d4a436cc5cfb-spons%26aref%3DoQS4QU8hBn%26sp_csd%3Dd2lkZ2V0TmFtZT1zcF9zZWFyY2hfdGhlbWF0aWM%26psc%3D1&aref=oQS4QU8hBn&sp_cr=ZAZ,Organic
B0DLJ82ZMT,,,,,,Organic
B0F637DPFW,,"₹55,901",4.0 out of 5 stars,https://m.media-amazon.com/images/I/71Q6JmLZE7L._AC_UL320_.jpg,https://www.amazon.in/sspa/click?ie=UTF8&spc=MTo0NTE1MTk0MTA2NTY4NTkyOjE3NjMxODQyNzc6c3Bfc2VhcmNoX3RoZW1hdGljOjMwMDU2OTY5NDMwMzUzMjo6NDo6&url=%2FLenovo-IdeaPad-i5-13420H-Backlit-83K100CGIN%2Fdp%2FB0F637DPFW%2Fref%3Dsxin_14_pa_sp_search_thematic_sspa%3Fcontent-id%3Damzn1.sym.0629fcb0-94ed-4eba-9abe-6c93c227c465%253Aamzn1.sym.0629fcb0-94ed-4eba-9abe-6c93c227c465%26cv_ct_cx%3Dlaptop%26keywords%3Dlaptop%26pd_rd_i%3DB0F637DPFW%26pd_rd_r%3Def1ab363-923f-43b0-98cc-8f8299082b84%26pd_rd_w%3DKrHsn%26pd_rd_wg%3DvnuYo%26pf_rd_p%3D0629fcb0-94ed-4eba-9abe-6c93c227c465%26pf_rd_r%3DY2EDZS4Y9WRN3YGM6MSN%26qid%3D1763184277%26sbo%3DRZvfv%252F%252FHxDF%252BO5021pAnSA%253D%253D%26sr%3D1-5-66673dcf-083f-43ba-b782-d4a436cc5cfb-spons%26aref%3DY1CSiZgkEb%26sp_csd%3Dd2lkZ2V0TmFtZT1zcF9zZWFyY2hfdGhlbWF0aWM%26psc%3D1&aref=Y1CSiZgkEb&sp_cr=ZAZ,Organic
B0F637DPFW,,,,,,Organic
B0DZF1485D,,"₹1,31,900.00",4.6 out of 5 stars.,,,Organic
B0DLJ82ZMT,,"₹2,01,990.00",4.1 out of 5 stars.,,,Organic
B0FWD948HC,,"₹1,64,490.00",5 out of 5 stars.,,,Organic
B0FKLYPDLQ,,"₹11,990",3.9 out of 5 stars,https://m.media-amazon.com/images/I/71A9yCXgOnL._AC_UY218_.jpg,https://www.amazon.in/Ultimus-Pentium-Laptop-Expandable-512GB-Speaker/dp/B0FKLYPDLQ/ref=sr_1_6?dib=eyJ2IjoiMSJ9.3esdK-8sSKKsoA-5uKgrXlL0UuxIRGp8kNWtxW6l2n9YUrYm7HUSl1XDjV0eeZxpf70_aMxKs2WLkm-RqsO2J8VDE0NoZw5Xty8ckuRKIvLENyHtLsZm0NKILiBXwkBmXpnqYFAjb4rBXnfqbtBdfHqKGdG8IyRDy8HGbkKZzbk6yLbEcsnD07dCC2RSO0155L6PvCE-j2rW_keHZzZemDzV_hrin698tVrAfe3z9EY._IWuiFgpsG-cpaXD0YWi3omVUzsKGrgZKsYHbZN_3GQ&dib_tag=se&keywords=laptop&qid=1763184277&sr=8-6,Organic
B0FKLYPDLQ,,,,,,Organic
B0C6DTCSTV,,"₹12,990",3.2 out of 5 stars,https://m.media-amazon.com/images/I/617Wk7g3R7L._AC_UY218_.jpg,https://www.amazon.in/Walker-Resolution-Graphics-Mini-HDMI-Bluetooth/dp/B0C6DTCSTV/ref=sr_1_7?dib=eyJ2IjoiMSJ9.3esdK-8sSKKsoA-5uKgrXlL0UuxIRGp8kNWtxW6l2n9YUrYm7HUSl1XDjV0eeZxpf70_aMxKs2WLkm-RqsO2J8VDE0NoZw5Xty8ckuRKIvLENyHtLsZm0NKILiBXwkBmXpnqYFAjb4rBXnfqbtBdfHqKGdG8IyRDy8HGbkKZzbk6yLbEcsnD07dCC2RSO0155L6PvCE-j2rW_keHZzZemDzV_hrin698tVrAfe3z9EY._IWuiFgpsG-cpaXD0YWi3omVUzsKGrgZKsYHbZN_3GQ&dib_tag=se&keywords=laptop&qid=1763184277&sr=8-7,Organic
B0C6DTCSTV,,,,,,Organic
B0FH71SN5N,,"₹47,400",4.2 out of 5 stars,https://m.media-amazon.com/images/I/81leoJuYYaL._AC_UY218_.jpg,https://www.amazon.in/Lenovo-IdeaPad-i5-12450H-Anti-glare-83ER00MDIN/dp/B0FH71SN5N/ref=sr_1_8?dib=eyJ2IjoiMSJ9.3esdK-8sSKKsoA-5uKgrXlL0UuxIRGp8kNWtxW6l2n9YUrYm7HUSl1XDjV0eeZxpf70_aMxKs2WLkm-RqsO2J8VDE0NoZw5Xty8ckuRKIvLENyHtLsZm0NKILiBXwkBmXpnqYFAjb4rBXnfqbtBdfHqKGdG8IyRDy8HGbkKZzbk6yLbEcsnD07dCC2RSO0155L6PvCE-j2rW_keHZzZemDzV_hrin698tVrAfe3z9EY._IWuiFgpsG-cpaXD0YWi3omVUzsKGrgZKsYHbZN_3GQ&dib_tag=se&keywords=laptop&qid=1763184277&sr=8-8,Organic
B0FH71SN5N,,,,,,Organic
B0F29HNJL1,,"₹35,890",4.0 out of 5 stars,https://m.media-amazon.com/images/I/71aup0IO2ZL._AC_UY218_.jpg,https://www.amazon.in/Lenovo-Graphics-5500Mhz-Windows-Warranty/dp/B0F29HNJL1/ref=sr_1_9?dib=eyJ2IjoiMSJ9.3esdK-8sSKKsoA-5uKgrXlL0UuxIRGp8kNWtxW6l2n9YUrYm7HUSl1XDjV0eeZxpf70_aMxKs2WLkm-RqsO2J8VDE0NoZw5Xty8ckuRKIvLENyHtLsZm0NKILiBXwkBmXpnqYFAjb4rBXnfqbtBdfHqKGdG8IyRDy8HGbkKZzbk6yLbEcsnD07dCC2RSO0155L6PvCE-j2rW_keHZzZemDzV_hrin698tVrAfe3z9EY._IWuiFgpsG-cpaXD0YWi3omVUzsKGrgZKsYHbZN_3GQ&dib_tag=se&keywords=laptop&qid=1763184277&sr=8-9,Organic
B0F29HNJL1,,,,,,Organic
B0F5WTFC3D,,"₹17,990",3.6 out of 5 stars,https://m.media-amazon.com/images/I/713QmwFZbsL._AC_UY218_.jpg,https://www.amazon.in/ULTIMUS-Laptop-Celeron-Expandable-1TB-Anti-Glare/dp/B0F5WTFC3D/ref=sr_1_10?dib=eyJ2IjoiMSJ9.3esdK-8sSKKsoA-5uKgrXlL0UuxIRGp8kNWtxW6l2n9YUrYm7HUSl1XDjV0eeZxpf70_aMxKs2WLkm-RqsO2J8VDE0NoZw5Xty8ckuRKIvLENyHtLsZm0NKILiBXwkBmXpnqYFAjb4rBXnfqbtBdfHqKGdG8IyRDy8HGbkKZzbk6yLbEcsnD07dCC2RSO0155L6PvCE-j2rW_keHZzZemDzV_hrin698tVrAfe3z9EY._IWuiFgpsG-cpaXD0YWi3omVUzsKGrgZKsYHbZN_3GQ&dib_tag=se&keywords=laptop&qid=1763184277&sr=8-10,Organic
B0F5WTFC3D,,,,,,Organic
B0FWDBH2T2,,"₹2,02,990",5.0 out of 5 stars,https://m.media-amazon.com/images/I/615tKndaduL._AC_UY218_.jpg,https://www.amazon.in/sspa/click?ie=UTF8&spc=MTo4ODE4ODg3MDQxODM0Mjc5OjE3NjMxODQyNzc6c3BfbXRmOjMwMDc5NDY5ODUxMTYzMjo6MDo6&url=%2FApple-2025-MacBook-Laptop-10%25E2%2580%2591core%2Fdp%2FB0FWDBH2T2%2Fref%3Dsr_1_11_sspa%3Fdib%3DeyJ2IjoiMSJ9.3esdK-8sSKKsoA-5uKgrXlL0UuxIRGp8kNWtxW6l2n9YUrYm7HUSl1XDjV0eeZxpf70_aMxKs2WLkm-RqsO2J8VDE0NoZw5Xty8ckuRKIvLENyHtLsZm0NKILiBXwkBmXpnqYFAjb4rBXnfqbtBdfHqKGdG8IyRDy8HGbkKZzbk6yLbEcsnD07dCC2RSO0155L6PvCE-j2rW_keHZzZemDzV_hrin698tVrAfe3z9EY._IWuiFgpsG-cpaXD0YWi3omVUzsKGrgZKsYHbZN_3GQ%26dib_tag%3Dse%26keywords%3Dlaptop%26qid%3D1763184277%26sr%3D8-11-spons%26aref%3D1cHwUP0Uyl%26sp_csd%3Dd2lkZ2V0TmFtZT1zcF9tdGY%26psc%3D1&aref=1cHwUP0Uyl&sp_cr=ZAZ,Ad
B0FWDBH2T2,,,,,,Organic
B0DSFQZTVW,,"₹59,990",3.9 out of 5 stars,https://m.media-amazon.com/images/I/710ChwsODKL._AC_UY218_.jpg,https://www.amazon.in/sspa/click?ie=UTF8&spc=MTo4ODE4ODg3MDQxODM0Mjc5OjE3NjMxODQyNzc6c3BfbXRmOjMwMDUxMTcyNDkzOTAzMjo6MDo6&url=%2FDell-15DC15250-Intel-Core-13th%2Fdp%2FB0DSFQZTVW%2Fref%3Dsr_1_12_sspa%3Fdib%3DeyJ2IjoiMSJ9.3esdK-8sSKKsoA-5uKgrXlL0UuxIRGp8kNWtxW6l2n9YUrYm7HUSl1XDjV0eeZxpf70_aMxKs2WLkm-RqsO2J8VDE0NoZw5Xty8ckuRKIvLENyHtLsZm0NKILiBXwkBmXpnqYFAjb4rBXnfqbtBdfHqKGdG8IyRDy8HGbkKZzbk6yLbEcsnD07dCC2RSO0155L6PvCE-j2rW_keHZzZemDzV_hrin698tVrAfe3z9EY._IWuiFgpsG-cpaXD0YWi3omVUzsKGrgZKsYHbZN_3GQ%26dib_tag%3Dse%26keywords%3Dlaptop%26qid%3D1763184277%26sr%3D8-12-spons%26aref%3DhblGNX1gro%26sp_csd%3Dd2lkZ2V0TmFtZT1zcF9tdGY%26psc%3D1&aref=hblGNX1gro&sp_cr=ZAZ,Ad
B0DSFQZTVW,,,,,,Organic
B0C42ZTMWR,,"₹35,490",4.2 out of 5 stars,https://m.media-amazon.com/images/I/61PL9x1X8aL._AC_UY218_.jpg,https://www.amazon.in/HP-14-inch-Graphics-Privacy-em0026AU/dp/B0C42ZTMWR/ref=sr_1_13?dib=eyJ2IjoiMSJ9.3esdK-8sSKKsoA-5uKgrXlL0UuxIRGp8kNWtxW6l2n9YUrYm7HUSl1XDjV0eeZxpf70_aMxKs2WLkm-RqsO2J8VDE0NoZw5Xty8ckuRKIvLENyHtLsZm0NKILiBXwkBmXpnqYFAjb4rBXnfqbtBdfHqKGdG8IyRDy8HGbkKZzbk6yLbEcsnD07dCC2RSO0155L6PvCE-j2rW_keHZzZemDzV_hrin698tVrAfe3z9EY._IWuiFgpsG-cpaXD0YWi3omVUzsKGrgZKsYHbZN_3GQ&dib_tag=se&keywords=laptop&qid=1763184277&sr=8-13,Organic
B0C42ZTMWR,,,,,,Organic
B0FWD7JSX7,,"₹1,64,490",5.0 out of 5 stars,https://m.media-amazon.com/images/I/615tKndaduL._AC_UY218_.jpg,https://www.amazon.in/Apple-2025-MacBook-Laptop-10%E2%80%91core/dp/B0FWD7JSX7/ref=sr_1_14?dib=eyJ2IjoiMSJ9.3esdK-8sSKKsoA-5uKgrXlL0UuxIRGp8kNWtxW6l2n9YUrYm7HUSl1XDjV0eeZxpf70_aMxKs2WLkm-RqsO2J8VDE0NoZw5Xty8ckuRKIvLENyHtLsZm0NKILiBXwkBmXpnqYFAjb4rBXnfqbtBdfHqKGdG8IyRDy8HGbkKZzbk6yLbEcsnD07dCC2RSO0155L6PvCE-j2rW_keHZzZemDzV_hrin698tVrAfe3z9EY._IWuiFgpsG-cpaXD0YWi3omVUzsKGrgZKsYHbZN_3GQ&dib_tag=se&keywords=laptop&qid=1763184277&sr=8-14,Organic
B0FWD7JSX7,,,,,,Organic
B0FNS3DM56,,"₹47,990",3.8 out of 5 stars,https://m.media-amazon.com/images/I/61HRuwOTNPL._AC_UY218_.jpg,https://www.amazon.in/Lenovo-1920x1080-Antiglare-Windows-83A0A0PTIN/dp/B0FNS3DM56/ref=sr_1_15?dib=eyJ2IjoiMSJ9.3esdK-8sSKKsoA-5uKgrXlL0UuxIRGp8kNWtxW6l2n9YUrYm7HUSl1XDjV0eeZxpf70_aMxKs2WLkm-RqsO2J8VDE0NoZw5Xty8ckuRKIvLENyHtLsZm0NKILiBXwkBmXpnqYFAjb4rBXnfqbtBdfHqKGdG8IyRDy8HGbkKZzbk6yLbEcsnD07dCC2RSO0155L6PvCE-j2rW_keHZzZemDzV_hrin698tVrAfe3z9EY._IWuiFgpsG-cpaXD0YWi3omVUzsKGrgZKsYHbZN_3GQ&dib_tag=se&keywords=laptop&qid=1763184277&sr=8-15,Organic
B0FNS3DM56,,,,,,Organic
B0D3HG5CMG,,"₹30,700",4.0 out of 5 stars,https://m.media-amazon.com/images/I/61SHFVKs+AL._AC_UY218_.jpg,https://www.amazon.in/HP-Laptop-15-6-inch-Graphics-fc0154AU/dp/B0D3HG5CMG/ref=sr_1_16?dib=eyJ2IjoiMSJ9.3esdK-8sSKKsoA-5uKgrXlL0UuxIRGp8kNWtxW6l2n9YUrYm7HUSl1XDjV0eeZxpf70_aMxKs2WLkm-RqsO2J8VDE0NoZw5Xty8ckuRKIvLENyHtLsZm0NKILiBXwkBmXpnqYFAjb4rBXnfqbtBdfHqKGdG8IyRDy8HGbkKZzbk6yLbEcsnD07dCC2RSO0155L6PvCE-j2rW_keHZzZemDzV_hrin698tVrAfe3z9EY._IWuiFgpsG-cpaXD0YWi3omVUzsKGrgZKsYHbZN_3GQ&dib_tag=se&keywords=laptop&qid=1763184277&sr=8-16,Organic
B0D3HG5CMG,,,,,,Organic
B0FKN7Z65N,,"₹34,990",3.9 out of 5 stars,https://m.media-amazon.com/images/I/618EzEodvlL._AC_UY218_.jpg,https://www.amazon.in/HP-i3-1315U-13th-Anti-Glare-Micro-Edge-15-FD0569TU/dp/B0FKN7Z65N/ref=sr_1_17?dib=eyJ2IjoiMSJ9.3esdK-8sSKKsoA-5uKgrXlL0UuxIRGp8kNWtxW6l2n9YUrYm7HUSl1XDjV0eeZxpf70_aMxKs2WLkm-RqsO2J8VDE0NoZw5Xty8ckuRKIvLENyHtLsZm0NKILiBXwkBmXpnqYFAjb4rBXnfqbtBdfHqKGdG8IyRDy8HGbkKZzbk6yLbEcsnD07dCC2RSO0155L6PvCE-j2rW_keHZzZemDzV_hrin698tVrAfe3z9EY._IWuiFgpsG-cpaXD0YWi3omVUzsKGrgZKsYHbZN_3GQ&dib_tag=se&keywords=laptop&qid=1763184277&sr=8-17,Organic
B0FKN7Z65N,,,,,,Organic
B0F6SYGVLZ,,"₹30,490",4.1 out of 5 stars,https://m.media-amazon.com/images/I/71OYTmMWyLL._AC_UY218_.jpg,https://www.amazon.in/HP-14-Ryzen-7520U-Quad/dp/B0F6SYGVLZ/ref=sr_1_18?dib=eyJ2IjoiMSJ9.3esdK-8sSKKsoA-5uKgrXlL0UuxIRGp8kNWtxW6l2n9YUrYm7HUSl1XDjV0eeZxpf70_aMxKs2WLkm-RqsO2J8VDE0NoZw5Xty8ckuRKIvLENyHtLsZm0NKILiBXwkBmXpnqYFAjb4rBXnfqbtBdfHqKGdG8IyRDy8HGbkKZzbk6yLbEcsnD07dCC2RSO0155L6PvCE-j2rW_keHZzZemDzV_hrin698tVrAfe3z9EY._IWuiFgpsG-cpaXD0YWi3omVUzsKGrgZKsYHbZN_3GQ&dib_tag=se&keywords=laptop&qid=1763184277&sr=8-18,Organic
B0F6SYGVLZ,,,,,,Organic
B0FNS215RC,,"₹36,990",4.0 out of 5 stars,https://m.media-amazon.com/images/I/61GEVNI14hL._AC_UY218_.jpg,https://www.amazon.in/Lenovo-Windows-1920x1080-Antiglare-83CCA08KIN/dp/B0FNS215RC/ref=sr_1_19?dib=eyJ2IjoiMSJ9.3esdK-8sSKKsoA-5uKgrXlL0UuxIRGp8kNWtxW6l2n9YUrYm7HUSl1XDjV0eeZxpf70_aMxKs2WLkm-RqsO2J8VDE0NoZw5Xty8ckuRKIvLENyHtLsZm0NKILiBXwkBmXpnqYFAjb4rBXnfqbtBdfHqKGdG8IyRDy8HGbkKZzbk6yLbEcsnD07dCC2RSO0155L6PvCE-j2rW_keHZzZemDzV_hrin698tVrAfe3z9EY._IWuiFgpsG-cpaXD0YWi3omVUzsKGrgZKsYHbZN_3GQ&dib_tag=se&keywords=laptop&qid=1763184277&sr=8-19,Organic
B0FNS215RC,,,,,,Organic
B0F2TMZJ24,,"₹14,990",3.8 out of 5 stars,https://m.media-amazon.com/images/I/61QY1NrWQBL._AC_UY218_.jpg,https://www.amazon.in/Lenovo-SmartChoice-Chromebook-Speakers-82UY0014HA/dp/B0F2TMZJ24/ref=sr_1_20?dib=eyJ2IjoiMSJ9.3esdK-8sSKKsoA-5uKgrXlL0UuxIRGp8kNWtxW6l2n9YUrYm7HUSl1XDjV0eeZxpf70_aMxKs2WLkm-RqsO2J8VDE0NoZw5Xty8ckuRKIvLENyHtLsZm0NKILiBXwkBmXpnqYFAjb4rBXnfqbtBdfHqKGdG8IyRDy8HGbkKZzbk6yLbEcsnD07dCC2RSO0155L6PvCE-j2rW_keHZzZemDzV_hrin698tVrAfe3z9EY._IWuiFgpsG-cpaXD0YWi3omVUzsKGrgZKsYHbZN_3GQ&dib_tag=se&keywords=laptop&qid=1763184277&sr=8-20,Organic
B0F2TMZJ24,,,,,,Organic
B0DLJ82ZMT,,"₹2,01,990",4.1 out of 5 stars,https://m.media-amazon.com/images/I/61eA9PkZ07L._AC_UY218_.jpg,https://www.amazon.in/sspa/click?ie=UTF8&spc=MTo4ODE4ODg3MDQxODM0Mjc5OjE3NjMxODQyNzc6c3BfYnRmOjMwMDM5Mjk2MzMyNjQzMjo6MDo6&url=%2FApple-2024-MacBook-Laptop-10%25E2%2580%2591core%2Fdp%2FB0DLJ82ZMT%2Fref%3Dsr_1_21_sspa%3Fdib%3DeyJ2IjoiMSJ9.3esdK-8sSKKsoA-5uKgrXlL0UuxIRGp8kNWtxW6l2n9YUrYm7HUSl1XDjV0eeZxpf70_aMxKs2WLkm-RqsO2J8VDE0NoZw5Xty8ckuRKIvLENyHtLsZm0NKILiBXwkBmXpnqYFAjb4rBXnfqbtBdfHqKGdG8IyRDy8HGbkKZzbk6yLbEcsnD07dCC2RSO0155L6PvCE-j2rW_keHZzZemDzV_hrin698tVrAfe3z9EY._IWuiFgpsG-cpaXD0YWi3omVUzsKGrgZKsYHbZN_3GQ%26dib_tag%3Dse%26keywords%3Dlaptop%26qid%3D1763184277%26sr%3D8-21-spons%26aref%3DoQS4QU8hBn%26sp_csd%3Dd2lkZ2V0TmFtZT1zcF9idGY%26psc%3D1&aref=oQS4QU8hBn&sp_cr=ZAZ,Ad
B0DLJ82ZMT,,,,,,Organic
B0D2Y1BLDT,,"₹55,990",3.7 out of 5 stars,https://m.media-amazon.com/images/I/712WiT-wexL._AC_UY218_.jpg,https://www.amazon.in/sspa/click?ie=UTF8&spc=MTo4ODE4ODg3MDQxODM0Mjc5OjE3NjMxODQyNzc6c3BfYnRmOjMwMDc2NDAzNjQxODIzMjo6MDo6&url=%2FDell-Intel-Core-13th-Gen%2Fdp%2FB0D2Y1BLDT%2Fref%3Dsr_1_22_sspa%3Fdib%3DeyJ2IjoiMSJ9.3esdK-8sSKKsoA-5uKgrXlL0UuxIRGp8kNWtxW6l2n9YUrYm7HUSl1XDjV0eeZxpf70_aMxKs2WLkm-RqsO2J8VDE0NoZw5Xty8ckuRKIvLENyHtLsZm0NKILiBXwkBmXpnqYFAjb4rBXnfqbtBdfHqKGdG8IyRDy8HGbkKZzbk6yLbEcsnD07dCC2RSO0155L6PvCE-j2rW_keHZzZemDzV_hrin698tVrAfe3z9EY._IWuiFgpsG-cpaXD0YWi3omVUzsKGrgZKsYHbZN_3GQ%26dib_tag%3Dse%26keywords%3Dlaptop%26qid%3D1763184277%26sr%3D8-22-spons%26aref%3D2wLeEr8099%26sp_csd%3Dd2lkZ2V0TmFtZT1zcF9idGY%26psc%3D1&aref=2wLeEr8099&sp_cr=ZAZ,Ad
B0D2Y1BLDT,,,,,,Organic
B0DZF1485D,,,4.6 out of 5 stars.,,,Organic
B0DLJ82ZMT,,,4.1 out of 5 stars.,,,Organic
B0FWD948HC,,,5 out of 5 stars.,,,Organic
B0FG2RJ9NC,,"₹40,990",3.8 out of 5 stars,https://m.media-amazon.com/images/I/7156bBh8W2L._AC_UY218_.jpg,https://www.amazon.in/sspa/click?ie=UTF8&spc=MToxNjYyOTkwNzk4MTQ3MTM4OjE3NjMxODQyODI6c3BfYXRmX25leHQ6MzAwNzY0MTI5MTk0MjMyOjowOjo&url=%2FDell-Vostro-Intel-Core-13th%2Fdp%2FB0FG2RJ9NC%2Fref%3Dsr_1_17_sspa%3Fdib%3DeyJ2IjoiMSJ9.9_BxUzDhk_Gj4pBEn9CmeTcg486VblRyvD6J50NPn94Fmc-w8CU5P7RnFt3wUGKsoD5NhBqdqQL5Js3HJpagCeXX_i2A2WtKJWqFazRvJpu34nRnhrd5F2DZFSa3OhqjiJxi4fWfishVYaS1Vjz920DP6u-S9q5-oZnj6WZdCmzR_pH_PITT1Bw5MDBI3QnIb5cAfnsNGYa8ku5Oqp_otCIfnd2uYXWOphbhFDb045I.ItkwKIJ2eWteK0WqpDQryRfNiz8lkRuZSUY9cdLZwSw%26dib_tag%3Dse%26keywords%3Dlaptop%26qid%3D1763184282%26sr%3D8-17-spons%26aref%3DPFgDCfHuZA%26sp_csd%3Dd2lkZ2V0TmFtZT1zcF9hdGZfbmV4dA%26psc%3D1&aref=PFgDCfHuZA&sp_cr=ZAZ,Ad
B0FG2RJ9NC,,,,,,Organic
B0DZDDQ429,,"₹93,900",4.6 out of 5 stars,https://m.media-amazon.com/images/I/71pKJ+Mjd8L._AC_UY218_.jpg,https://www.amazon.in/sspa/click?ie=UTF8&spc=MToxNjYyOTkwNzk4MTQ3MTM4OjE3NjMxODQyODI6c3BfYXRmX25leHQ6MzAwNDk5NDUzMzQ3NDMyOjowOjo&url=%2FApple-MacBook-13-inch-10-core-Unified%2Fdp%2FB0DZDDQ429%2Fref%3Dsr_1_18_sspa%3Fdib%3DeyJ2IjoiMSJ9.9_BxUzDhk_Gj4pBEn9CmeTcg486VblRyvD6J50NPn94Fmc-w8CU5P7RnFt3wUGKsoD5NhBqdqQL5Js3HJpagCeXX_i2A2WtKJWqFazRvJpu34nRnhrd5F2DZFSa3OhqjiJxi4fWfishVYaS1Vjz920DP6u-S9q5-oZnj6WZdCmzR_pH_PITT1Bw5MDBI3QnIb5cAfnsNGYa8ku5Oqp_otCIfnd2uYXWOphbhFDb045I.ItkwKIJ2eWteK0WqpDQryRfNiz8lkRuZSUY9cdLZwSw%26dib_tag%3Dse%26keywords%3Dlaptop%26qid%3D1763184282%26sr%3D8-18-spons%26aref%3DzsKjVxuqwq%26sp_csd%3Dd2lkZ2V0TmFtZT1zcF9hdGZfbmV4dA%26psc%3D1&aref=zsKjVxuqwq&sp_cr=ZAZ,Ad
B0DZDDQ429,,,,,,Organic
B0FKN7Z65N,,"₹34,990",3.9 out of 5 stars,https://m.media-amazon.com/images/I/618EzEodvlL._AC_UY218_.jpg,https://www.amazon.in/HP-i3-1315U-13th-Anti-Glare-Micro-Edge-15-FD0569TU/dp/B0FKN7Z65N/ref=sr_1_19?dib=eyJ2IjoiMSJ9.9_BxUzDhk_Gj4pBEn9CmeTcg486VblRyvD6J50NPn94Fmc-w8CU5P7RnFt3wUGKsoD5NhBqdqQL5Js3HJpagCeXX_i2A2WtKJWqFazRvJpu34nRnhrd5F2DZFSa3OhqjiJxi4fWfishVYaS1Vjz920DP6u-S9q5-oZnj6WZdCmzR_pH_PITT1Bw5MDBI3QnIb5cAfnsNGYa8ku5Oqp_otCIfnd2uYXWOphbhFDb045I.ItkwKIJ2eWteK0WqpDQryRfNiz8lkRuZSUY9cdLZwSw&dib_tag=se&keywords=laptop&qid=1763184282&sr=8-19,Organic
B0FKN7Z65N,,,,,,Organic
B0F4R3MMMR,,"₹49,490",3.8 out of 5 stars,https://m.media-amazon.com/images/I/71bagLp2sXL._AC_UY218_.jpg,https://www.amazon.in/HP-i5-1334U-Anti-Glare-Micro-Edge-fd0575TU/dp/B0F4R3MMMR/ref=sr_1_20?dib=eyJ2IjoiMSJ9.9_BxUzDhk_Gj4pBEn9CmeTcg486VblRyvD6J50NPn94Fmc-w8CU5P7RnFt3wUGKsoD5NhBqdqQL5Js3HJpagCeXX_i2A2WtKJWqFazRvJpu34nRnhrd5F2DZFSa3OhqjiJxi4fWfishVYaS1Vjz920DP6u-S9q5-oZnj6WZdCmzR_pH_PITT1Bw5MDBI3QnIb5cAfnsNGYa8ku5Oqp_otCIfnd2uYXWOphbhFDb045I.ItkwKIJ2eWteK0WqpDQryRfNiz8lkRuZSUY9cdLZwSw&dib_tag=se&keywords=laptop&qid=1763184282&sr=8-20,Organic
B0F4R3MMMR,,,,,,Organic
B0FWD7JSX7,,"₹1,64,490",5.0 out of 5 stars,https://m.media-amazon.com/images/I/615tKndaduL._AC_UY218_.jpg,https://www.amazon.in/Apple-2025-MacBook-Laptop-10%E2%80%91core/dp/B0FWD7JSX7/ref=sr_1_21?dib=eyJ2IjoiMSJ9.9_BxUzDhk_Gj4pBEn9CmeTcg486VblRyvD6J50NPn94Fmc-w8CU5P7RnFt3wUGKsoD5NhBqdqQL5Js3HJpagCeXX_i2A2WtKJWqFazRvJpu34nRnhrd5F2DZFSa3OhqjiJxi4fWfishVYaS1Vjz920DP6u-S9q5-oZnj6WZdCmzR_pH_PITT1Bw5MDBI3QnIb5cAfnsNGYa8ku5Oqp_otCIfnd2uYXWOphbhFDb045I.ItkwKIJ2eWteK0WqpDQryRfNiz8lkRuZSUY9cdLZwSw&dib_tag=se&keywords=laptop&qid=1763184282&sr=8-21,Organic
B0FWD7JSX7,,,,,,Organic
B0DZF1485D,,"₹1,31,900.00",4.6 out of 5 stars.,,,Organic
B0DLJ82ZMT,,"₹2,01,990.00",4.1 out of 5 stars.,,,Organic
B0FWD948HC,,"₹1,64,490.00",5 out of 5 stars.,,,Organic
B0D268HBQY,,,,,,Organic
B0FNQYPBT9,,,,,,Organic
B0F5B2X1SD,,,,,,Organic
B0D268HBQY,,,,,,Organic
B0FNQYPBT9,,,,,,Organic
B0F5B2X1SD,,,,,,Organic
B0FB9F4LGG,,"₹1,09,990",4.4 out of 5 stars,https://m.media-amazon.com/images/I/81esbxfsMlL._AC_UY218_.jpg,https://www.amazon.in/ASUS-i5-13450HX-5050-8GB-Windows-FX608JH-RV057WS/dp/B0FB9F4LGG/ref=sr_1_22?dib=eyJ2IjoiMSJ9.9_BxUzDhk_Gj4pBEn9CmeTcg486VblRyvD6J50NPn94Fmc-w8CU5P7RnFt3wUGKsoD5NhBqdqQL5Js3HJpagCeXX_i2A2WtKJWqFazRvJpu34nRnhrd5F2DZFSa3OhqjiJxi4fWfishVYaS1Vjz920DP6u-S9q5-oZnj6WZdCmzR_pH_PITT1Bw5MDBI3QnIb5cAfnsNGYa8ku5Oqp_otCIfnd2uYXWOphbhFDb045I.ItkwKIJ2eWteK0WqpDQryRfNiz8lkRuZSUY9cdLZwSw&dib_tag=se&keywords=laptop&qid=1763184282&sr=8-22,Organic
B0FB9F4LGG,,,,,,Organic
B0C42ZTMWR,,"₹35,490",4.2 out of 5 stars,https://m.media-amazon.com/images/I/61PL9x1X8aL._AC_UY218_.jpg,https://www.amazon.in/HP-14-inch-Graphics-Privacy-em0026AU/dp/B0C42ZTMWR/ref=sr_1_23?dib=eyJ2IjoiMSJ9.9_BxUzDhk_Gj4pBEn9CmeTcg486VblRyvD6J50NPn94Fmc-w8CU5P7RnFt3wUGKsoD5NhBqdqQL5Js3HJpagCeXX_i2A2WtKJWqFazRvJpu34nRnhrd5F2DZFSa3OhqjiJxi4fWfishVYaS1Vjz920DP6u-S9q5-oZnj6WZdCmzR_pH_PITT1Bw5MDBI3QnIb5cAfnsNGYa8ku5Oqp_otCIfnd2uYXWOphbhFDb045I.ItkwKIJ2eWteK0WqpDQryRfNiz8lkRuZSUY9cdLZwSw&dib_tag=se&keywords=laptop&qid=1763184282&sr=8-23,Organic
B0C42ZTMWR,,,,,,Organic
B0FKB8G6ZT,,"₹84,990",,https://m.media-amazon.com/images/I/61tIAw23VeL._AC_UY218_.jpg,https://www.amazon.in/Samsung-Touchscreen-Windows11-Fingerprint-NP730QFG-LA1IN/dp/B0FKB8G6ZT/ref=sr_1_24?dib=eyJ2IjoiMSJ9.9_BxUzDhk_Gj4pBEn9CmeTcg486VblRyvD6J50NPn94Fmc-w8CU5P7RnFt3wUGKsoD5NhBqdqQL5Js3HJpagCeXX_i2A2WtKJWqFazRvJpu34nRnhrd5F2DZFSa3OhqjiJxi4fWfishVYaS1Vjz920DP6u-S9q5-oZnj6WZdCmzR_pH_PITT1Bw5MDBI3QnIb5cAfnsNGYa8ku5Oqp_otCIfnd2uYXWOphbhFDb045I.ItkwKIJ2eWteK0WqpDQryRfNiz8lkRuZSUY9cdLZwSw&dib_tag=se&keywords=laptop&qid=1763184282&sr=8-24,Organic
B0FKB8G6ZT,,,,,,Organic
B0FNS3DM56,,"₹47,990",3.8 out of 5 stars,https://m.media-amazon.com/images/I/61HRuwOTNPL._AC_UY218_.jpg,https://www.amazon.in/Lenovo-1920x1080-Antiglare-Windows-83A0A0PTIN/dp/B0FNS3DM56/ref=sr_1_25?dib=eyJ2IjoiMSJ9.9_BxUzDhk_Gj4pBEn9CmeTcg486VblRyvD6J50NPn94Fmc-w8CU5P7RnFt3wUGKsoD5NhBqdqQL5Js3HJpagCeXX_i2A2WtKJWqFazRvJpu34nRnhrd5F2DZFSa3OhqjiJxi4fWfishVYaS1Vjz920DP6u-S9q5-oZnj6WZdCmzR_pH_PITT1Bw5MDBI3QnIb5cAfnsNGYa8ku5Oqp_otCIfnd2uYXWOphbhFDb045I.ItkwKIJ2eWteK0WqpDQryRfNiz8lkRuZSUY9cdLZwSw&dib_tag=se&keywords=laptop&qid=1763184282&sr=8-25,Organic
B0FNS3DM56,,,,,,Organic
B0D3HG5CMG,,"₹30,700",4.0 out of 5 stars,https://m.media-amazon.com/images/I/61SHFVKs+AL._AC_UY218_.jpg,https://www.amazon.in/HP-Laptop-15-6-inch-Graphics-fc0154AU/dp/B0D3HG5CMG/ref=sr_1_26?dib=eyJ2IjoiMSJ9.9_BxUzDhk_Gj4pBEn9CmeTcg486VblRyvD6J50NPn94Fmc-w8CU5P7RnFt3wUGKsoD5NhBqdqQL5Js3HJpagCeXX_i2A2WtKJWqFazRvJpu34nRnhrd5F2DZFSa3OhqjiJxi4fWfishVYaS1Vjz920DP6u-S9q5-oZnj6WZdCmzR_pH_PITT1Bw5MDBI3QnIb5cAfnsNGYa8ku5Oqp_otCIfnd2uYXWOphbhFDb045I.ItkwKIJ2eWteK0WqpDQryRfNiz8lkRuZSUY9cdLZwSw&dib_tag=se&keywords=laptop&qid=1763184282&sr=8-26,Organic
B0D3HG5CMG,,,,,,Organic
B0DSFQZTVW,,"₹59,990",3.9 out of 5 stars,https://m.media-amazon.com/images/I/710ChwsODKL._AC_UY218_.jpg,https://www.amazon.in/sspa/click?ie=UTF8&spc=MToxNjYyOTkwNzk4MTQ3MTM4OjE3NjMxODQyODI6c3BfbXRmOjMwMDUxMTcyNDkzOTAzMjo6MDo6&url=%2FDell-15DC15250-Intel-Core-13th%2Fdp%2FB0DSFQZTVW%2Fref%3Dsr_1_27_sspa%3Fdib%3DeyJ2IjoiMSJ9.9_BxUzDhk_Gj4pBEn9CmeTcg486VblRyvD6J50NPn94Fmc-w8CU5P7RnFt3wUGKsoD5NhBqdqQL5Js3HJpagCeXX_i2A2WtKJWqFazRvJpu34nRnhrd5F2DZFSa3OhqjiJxi4fWfishVYaS1Vjz920DP6u-S9q5-oZnj6WZdCmzR_pH_PITT1Bw5MDBI3QnIb5cAfnsNGYa8ku5Oqp_otCIfnd2uYXWOphbhFDb045I.ItkwKIJ2eWteK0WqpDQryRfNiz8lkRuZSUY9cdLZwSw%26dib_tag%3Dse%26keywords%3Dlaptop%26qid%3D1763184282%26sr%3D8-27-spons%26aref%3DhblGNX1gro%26sp_csd%3Dd2lkZ2V0TmFtZT1zcF9tdGY%26psc%3D1&aref=hblGNX1gro&sp_cr=ZAZ,Ad
B0DSFQZTVW,,,,,,Organic
B0D2Y1BLDT,,"₹55,990",3.7 out of 5 stars,https://m.media-amazon.com/images/I/712WiT-wexL._AC_UY218_.jpg,https://www.amazon.in/sspa/click?ie=UTF8&spc=MToxNjYyOTkwNzk4MTQ3MTM4OjE3NjMxODQyODI6c3BfbXRmOjMwMDc2NDAzNjQxODIzMjo6MDo6&url=%2FDell-Intel-Core-13th-Gen%2Fdp%2FB0D2Y1BLDT%2Fref%3Dsr_1_28_sspa%3Fdib%3DeyJ2IjoiMSJ9.9_BxUzDhk_Gj4pBEn9CmeTcg486VblRyvD6J50NPn94Fmc-w8CU5P7RnFt3wUGKsoD5NhBqdqQL5Js3HJpagCeXX_i2A2WtKJWqFazRvJpu34nRnhrd5F2DZFSa3OhqjiJxi4fWfishVYaS1Vjz920DP6u-S9q5-oZnj6WZdCmzR_pH_PITT1Bw5MDBI3QnIb5cAfnsNGYa8ku5Oqp_otCIfnd2uYXWOphbhFDb045I.ItkwKIJ2eWteK0WqpDQryRfNiz8lkRuZSUY9cdLZwSw%26dib_tag%3Dse%26keywords%3Dlaptop%26qid%3D1763184282%26sr%3D8-28-spons%26aref%3D2wLeEr8099%26sp_csd%3Dd2lkZ2V0TmFtZT1zcF9tdGY%26psc%3D1&aref=2wLeEr8099&sp_cr=ZAZ,Ad
B0D2Y1BLDT,,,,,,Organic
B0D2D93HY2,,"₹2,02,000",2.8 out of 5 stars,https://m.media-amazon.com/images/I/61ziSzsGEbL._AC_UY218_.jpg,https://www.amazon.in/Acer-Predator-Processor-GeForce-PH16-72/dp/B0D2D93HY2/ref=sr_1_29?dib=eyJ2IjoiMSJ9.9_BxUzDhk_Gj4pBEn9CmeTcg486VblRyvD6J50NPn94Fmc-w8CU5P7RnFt3wUGKsoD5NhBqdqQL5Js3HJpagCeXX_i2A2WtKJWqFazRvJpu34nRnhrd5F2DZFSa3OhqjiJxi4fWfishVYaS1Vjz920DP6u-S9q5-oZnj6WZdCmzR_pH_PITT1Bw5MDBI3QnIb5cAfnsNGYa8ku5Oqp_otCIfnd2uYXWOphbhFDb045I.ItkwKIJ2eWteK0WqpDQryRfNiz8lkRuZSUY9cdLZwSw&dib_tag=se&keywords=laptop&qid=1763184282&sr=8-29,Organic
B0D2D93HY2,,,,,,Organic
B0FLDRQKVQ,,"₹1,21,870",4.0 out of 5 stars,https://m.media-amazon.com/images/I/81+Ucv6QFmL._AC_UY218_.jpg,https://www.amazon.in/Lenovo-13700HX-NVIDIA-Windows-83JE00U4IN/dp/B0FLDRQKVQ/ref=sr_1_30?dib=eyJ2IjoiMSJ9.9_BxUzDhk_Gj4pBEn9CmeTcg486VblRyvD6J50NPn94Fmc-w8CU5P7RnFt3wUGKsoD5NhBqdqQL5Js3HJpagCeXX_i2A2WtKJWqFazRvJpu34nRnhrd5F2DZFSa3OhqjiJxi4fWfishVYaS1Vjz920DP6u-S9q5-oZnj6WZdCmzR_pH_PITT1Bw5MDBI3QnIb5cAfnsNGYa8ku5Oqp_otCIfnd2uYXWOphbhFDb045I.ItkwKIJ2eWteK0WqpDQryRfNiz8lkRuZSUY9cdLZwSw&dib_tag=se&keywords=laptop&qid=1763184282&sr=8-30,Organic
B0FLDRQKVQ,,,,,,Organic
B0F6SYGVLZ,,"₹30,490",4.1 out of 5 stars,https://m.media-amazon.com/images/I/71OYTmMWyLL._AC_UY218_.jpg,https://www.amazon.in/HP-14-Ryzen-7520U-Quad/dp/B0F6SYGVLZ/ref=sr_1_31?dib=eyJ2IjoiMSJ9.9_BxUzDhk_Gj4pBEn9CmeTcg486VblRyvD6J50NPn94Fmc-w8CU5P7RnFt3wUGKsoD5NhBqdqQL5Js3HJpagCeXX_i2A2WtKJWqFazRvJpu34nRnhrd5F2DZFSa3OhqjiJxi4fWfishVYaS1Vjz920DP6u-S9q5-oZnj6WZdCmzR_pH_PITT1Bw5MDBI3QnIb5cAfnsNGYa8ku5Oqp_otCIfnd2uYXWOphbhFDb045I.ItkwKIJ2eWteK0WqpDQryRfNiz8lkRuZSUY9cdLZwSw&dib_tag=se&keywords=laptop&qid=1763184282&sr=8-31,Organic
B0F6SYGVLZ,,,,,,Organic
B0C6DTCSTV,,"₹12,990",3.2 out of 5 stars,https://m.media-amazon.com/images/I/617Wk7g3R7L._AC_UY218_.jpg,https://www.amazon.in/Walker-Resolution-Graphics-Mini-HDMI-Bluetooth/dp/B0C6DTCSTV/ref=sr_1_32?dib=eyJ2IjoiMSJ9.9_BxUzDhk_Gj4pBEn9CmeTcg486VblRyvD6J50NPn94Fmc-w8CU5P7RnFt3wUGKsoD5NhBqdqQL5Js3HJpagCeXX_i2A2WtKJWqFazRvJpu34nRnhrd5F2DZFSa3OhqjiJxi4fWfishVYaS1Vjz920DP6u-S9q5-oZnj6WZdCmzR_pH_PITT1Bw5MDBI3QnIb5cAfnsNGYa8ku5Oqp_otCIfnd2uYXWOphbhFDb045I.ItkwKIJ2eWteK0WqpDQryRfNiz8lkRuZSUY9cdLZwSw&dib_tag=se&keywords=laptop&qid=1763184282&sr=8-32,Organic
B0C6DTCSTV,,,,,,Organic
B0D143SJ9R,,"₹50,750",4.1 out of 5 stars,https://m.media-amazon.com/images/I/71TwTzVcVqL._AC_UY218_.jpg,https://www.amazon.in/Samsung-Processor-Windows-Fingerprint-Graphics/dp/B0D143SJ9R/ref=sr_1_33?dib=eyJ2IjoiMSJ9.9_BxUzDhk_Gj4pBEn9CmeTcg486VblRyvD6J50NPn94Fmc-w8CU5P7RnFt3wUGKsoD5NhBqdqQL5Js3HJpagCeXX_i2A2WtKJWqFazRvJpu34nRnhrd5F2DZFSa3OhqjiJxi4fWfishVYaS1Vjz920DP6u-S9q5-oZnj6WZdCmzR_pH_PITT1Bw5MDBI3QnIb5cAfnsNGYa8ku5Oqp_otCIfnd2uYXWOphbhFDb045I.ItkwKIJ2eWteK0WqpDQryRfNiz8lkRuZSUY9cdLZwSw&dib_tag=se&keywords=laptop&qid=1763184282&sr=8-33,Organic
B0D143SJ9R,,,,,,Organic
B0DSFRQTGB,,"₹43,990",4.1 out of 5 stars,https://m.media-amazon.com/images/I/61diqHMquqL._AC_UY218_.jpg,https://www.amazon.in/Dell-Inspiron-5-7530U-Windows-Platinum/dp/B0DSFRQTGB/ref=sr_1_34?dib=eyJ2IjoiMSJ9.9_BxUzDhk_Gj4pBEn9CmeTcg486VblRyvD6J50NPn94Fmc-w8CU5P7RnFt3wUGKsoD5NhBqdqQL5Js3HJpagCeXX_i2A2WtKJWqFazRvJpu34nRnhrd5F2DZFSa3OhqjiJxi4fWfishVYaS1Vjz920DP6u-S9q5-oZnj6WZdCmzR_pH_PITT1Bw5MDBI3QnIb5cAfnsNGYa8ku5Oqp_otCIfnd2uYXWOphbhFDb045I.ItkwKIJ2eWteK0WqpDQryRfNiz8lkRuZSUY9cdLZwSw&dib_tag=se&keywords=laptop&qid=1763184282&sr=8-34,Organic
B0DSFRQTGB,,,,,,Organic
B0FKLYPDLQ,,"₹11,990",3.9 out of 5 stars,https://m.media-amazon.com/images/I/71A9yCXgOnL._AC_UY218_.jpg,https://www.amazon.in/Ultimus-Pentium-Laptop-Expandable-512GB-Speaker/dp/B0FKLYPDLQ/ref=sr_1_35?dib=eyJ2IjoiMSJ9.9_BxUzDhk_Gj4pBEn9CmeTcg486VblRyvD6J50NPn94Fmc-w8CU5P7RnFt3wUGKsoD5NhBqdqQL5Js3HJpagCeXX_i2A2WtKJWqFazRvJpu34nRnhrd5F2DZFSa3OhqjiJxi4fWfishVYaS1Vjz920DP6u-S9q5-oZnj6WZdCmzR_pH_PITT1Bw5MDBI3QnIb5cAfnsNGYa8ku5Oqp_otCIfnd2uYXWOphbhFDb045I.ItkwKIJ2eWteK0WqpDQryRfNiz8lkRuZSUY9cdLZwSw&dib_tag=se&keywords=laptop&qid=1763184282&sr=8-35,Organic
B0FKLYPDLQ,,,,,,Organic
B0DZDDV7GC,,"₹92,900",4.6 out of 5 stars,https://m.media-amazon.com/images/I/71CjP9jmqZL._AC_UY218_.jpg,https://www.amazon.in/Apple-MacBook-13-inch-10-core-Unified/dp/B0DZDDV7GC/ref=sr_1_36?dib=eyJ2IjoiMSJ9.9_BxUzDhk_Gj4pBEn9CmeTcg486VblRyvD6J50NPn94Fmc-w8CU5P7RnFt3wUGKsoD5NhBqdqQL5Js3HJpagCeXX_i2A2WtKJWqFazRvJpu34nRnhrd5F2DZFSa3OhqjiJxi4fWfishVYaS1Vjz920DP6u-S9q5-oZnj6WZdCmzR_pH_PITT1Bw5MDBI3QnIb5cAfnsNGYa8ku5Oqp_otCIfnd2uYXWOphbhFDb045I.ItkwKIJ2eWteK0WqpDQryRfNiz8lkRuZSUY9cdLZwSw&dib_tag=se&keywords=laptop&qid=1763184282&sr=8-36,Organic
B0DZDDV7GC,,,,,,Organic
B0F4XHB911,,"₹86,990",3.5 out of 5 stars,https://m.media-amazon.com/images/I/71oQ0rki+-L._AC_UY218_.jpg,https://www.amazon.in/sspa/click?ie=UTF8&spc=MToxNjYyOTkwNzk4MTQ3MTM4OjE3NjMxODQyODI6c3BfYnRmOjMwMDc4MDA3NjE1NzYzMjo6MDo6&url=%2FLenovo-IdeaPad-83HX001NIN-Copilot-Keyboard%2Fdp%2FB0F4XHB911%2Fref%3Dsr_1_37_sspa%3Fdib%3DeyJ2IjoiMSJ9.9_BxUzDhk_Gj4pBEn9CmeTcg486VblRyvD6J50NPn94Fmc-w8CU5P7RnFt3wUGKsoD5NhBqdqQL5Js3HJpagCeXX_i2A2WtKJWqFazRvJpu34nRnhrd5F2DZFSa3OhqjiJxi4fWfishVYaS1Vjz920DP6u-S9q5-oZnj6WZdCmzR_pH_PITT1Bw5MDBI3QnIb5cAfnsNGYa8ku5Oqp_otCIfnd2uYXWOphbhFDb045I.ItkwKIJ2eWteK0WqpDQryRfNiz8lkRuZSUY9cdLZwSw%26dib_tag%3Dse%26keywords%3Dlaptop%26qid%3D1763184282%26sr%3D8-37-spons%26aref%3DgF5bhivy23%26sp_csd%3Dd2lkZ2V0TmFtZT1zcF9idGY%26psc%3D1&aref=gF5bhivy23&sp_cr=ZAZ,Ad
B0F4XHB911,,,,,,Organic
B0FWD7JSX7,,"₹1,64,490",5.0 out of 5 stars,https://m.media-amazon.com/images/I/615tKndaduL._AC_UY218_.jpg,https://www.amazon.in/sspa/click?ie=UTF8&spc=MToxNjYyOTkwNzk4MTQ3MTM4OjE3NjMxODQyODI6c3BfYnRmOjMwMDc5NDY5ODUxMTgzMjo6MDo6&url=%2FApple-2025-MacBook-Laptop-10%25E2%2580%2591core%2Fdp%2FB0FWD7JSX7%2Fref%3Dsr_1_38_sspa%3Fdib%3DeyJ2IjoiMSJ9.9_BxUzDhk_Gj4pBEn9CmeTcg486VblRyvD6J50NPn94Fmc-w8CU5P7RnFt3wUGKsoD5NhBqdqQL5Js3HJpagCeXX_i2A2WtKJWqFazRvJpu34nRnhrd5F2DZFSa3OhqjiJxi4fWfishVYaS1Vjz920DP6u-S9q5-oZnj6WZdCmzR_pH_PITT1Bw5MDBI3QnIb5cAfnsNGYa8ku5Oqp_otCIfnd2uYXWOphbhFDb045I.ItkwKIJ2eWteK0WqpDQryRfNiz8lkRuZSUY9cdLZwSw%26dib_tag%3Dse%26keywords%3Dlaptop%26qid%3D1763184282%26sr%3D8-38-spons%26aref%3D0AqkPVy8U4%26sp_csd%3Dd2lkZ2V0TmFtZT1zcF9idGY%26psc%3D1&aref=0AqkPVy8U4&sp_cr=ZAZ,Ad
B0FWD7JSX7,,,,,,Organic
B0DZF1485D,,,4.6 out of 5 stars.,,,Organic
B0DLJ82ZMT,,,4.1 out of 5 stars.,,,Organic
B0FWD948HC,,,5 out of 5 stars.,,,Organic
B0FG2RJ9NC,,"₹40,990",3.8 out of 5 stars,https://m.media-amazon.com/images/I/7156bBh8W2L._AC_UY218_.jpg,https://www.amazon.in/sspa/click?ie=UTF8&spc=MTo3NTA5Mzk5MTEyODQ1MzExOjE3NjMxODQyODc6c3BfYXRmX25leHQ6MzAwNzY0MTI5MTk0MjMyOjowOjo&url=%2FDell-Vostro-Intel-Core-13th%2Fdp%2FB0FG2RJ9NC%2Fref%3Dsr_1_33_sspa%3Fdib%3DeyJ2IjoiMSJ9.3avm6vsQHJvCJ648HACB-zOYAqdO78m705j4HshfSp00W-NXpJx23Qnw8vii9gxmdZROryxq4aIWwNxMtDlv2UK7Ly5lGMjYyM9jv0lQRAFdjvwR_tpBU2TQXI-lviItbcE44tMvKUAuhMsPdrOzM7CRUEn6D-CtrEsKVawCb7gLFQm2xtzpxSWNjE1Q7gTtbg_ILZk0eY25evq2sjQ0cFkH0GcHb3mkLDETIai8gKw.tAjEnIAvu4yIqfIV_Gu1b1MX5GzTEJ0kGlLYGJWKizc%26dib_tag%3Dse%26keywords%3Dlaptop%26qid%3D1763184287%26sr%3D8-33-spons%26aref%3DPFgDCfHuZA%26sp_csd%3Dd2lkZ2V0TmFtZT1zcF9hdGZfbmV4dA%26psc%3D1&aref=PFgDCfHuZA&sp_cr=ZAZ,Ad
B0FG2RJ9NC,,,,,,Organic
B0DSFQZTVW,,"₹59,990",3.9 out of 5 stars,https://m.media-amazon.com/images/I/710ChwsODKL._AC_UY218_.jpg,https://www.amazon.in/sspa/click?ie=UTF8&spc=MTo3NTA5Mzk5MTEyODQ1MzExOjE3NjMxODQyODc6c3BfYXRmX25leHQ6MzAwNTExNzI0OTM5MDMyOjowOjo&url=%2FDell-15DC15250-Intel-Core-13th%2Fdp%2FB0DSFQZTVW%2Fref%3Dsr_1_34_sspa%3Fdib%3DeyJ2IjoiMSJ9.3avm6vsQHJvCJ648HACB-zOYAqdO78m705j4HshfSp00W-NXpJx23Qnw8vii9gxmdZROryxq4aIWwNxMtDlv2UK7Ly5lGMjYyM9jv0lQRAFdjvwR_tpBU2TQXI-lviItbcE44tMvKUAuhMsPdrOzM7CRUEn6D-CtrEsKVawCb7gLFQm2xtzpxSWNjE1Q7gTtbg_ILZk0eY25evq2sjQ0cFkH0GcHb3mkLDETIai8gKw.tAjEnIAvu4yIqfIV_Gu1b1MX5GzTEJ0kGlLYGJWKizc%26dib_tag%3Dse%26keywords%3Dlaptop%26qid%3D1763184287%26sr%3D8-34-spons%26aref%3DhblGNX1gro%26sp_csd%3Dd2lkZ2V0TmFtZT1zcF9hdGZfbmV4dA%26psc%3D1&aref=hblGNX1gro&sp_cr=ZAZ,Ad
B0DSFQZTVW,,,,,,Organic
B0CKLN7PSZ,,"₹29,990",4.0 out of 5 stars,https://m.media-amazon.com/images/I/710Natr3OFL._AC_UY218_.jpg,https://www.amazon.in/Acer-i3-1215U-Premium-Windows-AL15-52/dp/B0CKLN7PSZ/ref=sr_1_35?dib=eyJ2IjoiMSJ9.3avm6vsQHJvCJ648HACB-zOYAqdO78m705j4HshfSp00W-NXpJx23Qnw8vii9gxmdZROryxq4aIWwNxMtDlv2UK7Ly5lGMjYyM9jv0lQRAFdjvwR_tpBU2TQXI-lviItbcE44tMvKUAuhMsPdrOzM7CRUEn6D-CtrEsKVawCb7gLFQm2xtzpxSWNjE1Q7gTtbg_ILZk0eY25evq2sjQ0cFkH0GcHb3mkLDETIai8gKw.tAjEnIAvu4yIqfIV_Gu1b1MX5GzTEJ0kGlLYGJWKizc&dib_tag=se&keywords=laptop&qid=1763184287&sr=8-35,Organic
B0CKLN7PSZ,,,,,,Organic
B0F5B1N9SJ,,"₹64,990",3.9 out of 5 stars,https://m.media-amazon.com/images/I/71dyfY6G0aL._AC_UY218_.jpg,https://www.amazon.in/HP-Office24-fd1354TU-Graphics-Shutter/dp/B0F5B1N9SJ/ref=sr_1_36?dib=eyJ2IjoiMSJ9.3avm6vsQHJvCJ648HACB-zOYAqdO78m705j4HshfSp00W-NXpJx23Qnw8vii9gxmdZROryxq4aIWwNxMtDlv2UK7Ly5lGMjYyM9jv0lQRAFdjvwR_tpBU2TQXI-lviItbcE44tMvKUAuhMsPdrOzM7CRUEn6D-CtrEsKVawCb7gLFQm2xtzpxSWNjE1Q7gTtbg_ILZk0eY25evq2sjQ0cFkH0GcHb3mkLDETIai8gKw.tAjEnIAvu4yIqfIV_Gu1b1MX5GzTEJ0kGlLYGJWKizc&dib_tag=se&keywords=laptop&qid=1763184287&sr=8-36,Organic
B0F5B1N9SJ,,,,,,Organic
B0FPFMV4XJ,,"₹58,999",5.0 out of 5 stars,https://m.media-amazon.com/images/I/71t65q+JsLL._AC_UY218_.jpg,https://www.amazon.in/Lenovo-V15-G4-IRU-i7-13620H/dp/B0FPFMV4XJ/ref=sr_1_37?dib=eyJ2IjoiMSJ9.3avm6vsQHJvCJ648HACB-zOYAqdO78m705j4HshfSp00W-NXpJx23Qnw8vii9gxmdZROryxq4aIWwNxMtDlv2UK7Ly5lGMjYyM9jv0lQRAFdjvwR_tpBU2TQXI-lviItbcE44tMvKUAuhMsPdrOzM7CRUEn6D-CtrEsKVawCb7gLFQm2xtzpxSWNjE1Q7gTtbg_ILZk0eY25evq2sjQ0cFkH0GcHb3mkLDETIai8gKw.tAjEnIAvu4yIqfIV_Gu1b1MX5GzTEJ0kGlLYGJWKizc&dib_tag=se&keywords=laptop&qid=1763184287&sr=8-37,Organic
B0FPFMV4XJ,,,,,,Organic
B0DZF1485D,,"₹1,31,900.00",4.6 out of 5 stars.,,,Organic
B0DLJ82ZMT,,"₹2,01,990.00",4.1 out of 5 stars.,,,Organic
B0FWD948HC,,"₹1,64,490.00",5 out of 5 stars.,,,Organic
B0DZDC247V,,"₹91,990",4.6 out of 5 stars,https://m.media-amazon.com/images/I/71XIkqkx+KL._AC_UL320_.jpg,https://www.amazon.in/sspa/click?ie=UTF8&spc=MTo1Njg3NTI5ODc1NjkwNTA5OjE3NjMxODQyODc6c3Bfc2VhcmNoX3RoZW1hdGljOjMwMDQ5OTQ1MzM0NzMzMjo6MDo6&url=%2FApple-MacBook-13-inch-10-core-Unified%2Fdp%2FB0DZDC247V%2Fref%3Dsxin_14_pa_sp_search_thematic_sspa%3Fcontent-id%3Damzn1.sym.f4325b99-8968-4d6c-a274-a54cc530dfac%253Aamzn1.sym.f4325b99-8968-4d6c-a274-a54cc530dfac%26cv_ct_cx%3Dlaptop%26keywords%3Dlaptop%26pd_rd_i%3DB0DZDC247V%26pd_rd_r%3D1ffc0c24-63f8-4955-a75b-81b2ff6d6a49%26pd_rd_w%3DOEu3k%26pd_rd_wg%3DLOitg%26pf_rd_p%3Df4325b99-8968-4d6c-a274-a54cc530dfac%26pf_rd_r%3DWFPFK21A0WCPQN3244E8%26qid%3D1763184287%26sbo%3DRZvfv%252F%252FHxDF%252BO5021pAnSA%253D%253D%26sr%3D1-33-2ec22325-1003-449d-8aaf-c0bcc24717ae-spons%26aref%3DVn4tgZoBrX%26sp_csd%3Dd2lkZ2V0TmFtZT1zcF9zZWFyY2hfdGhlbWF0aWM%26psc%3D1&aref=Vn4tgZoBrX&sp_cr=ZAZ,Organic
B0DZDC247V,,,,,,Organic
B0F637DPFW,,"₹55,901",4.0 out of 5 stars,https://m.media-amazon.com/images/I/71Q6JmLZE7L._AC_UL320_.jpg,https://www.amazon.in/sspa/click?ie=UTF8&spc=MTo1Njg3NTI5ODc1NjkwNTA5OjE3NjMxODQyODc6c3Bfc2VhcmNoX3RoZW1hdGljOjMwMDU2OTY5NDMwMzUzMjo6MTo6&url=%2FLenovo-IdeaPad-i5-13420H-Backlit-83K100CGIN%2Fdp%2FB0F637DPFW%2Fref%3Dsxin_14_pa_sp_search_thematic_sspa%3Fcontent-id%3Damzn1.sym.f4325b99-8968-4d6c-a274-a54cc530dfac%253Aamzn1.sym.f4325b99-8968-4d6c-a274-a54cc530dfac%26cv_ct_cx%3Dlaptop%26keywords%3Dlaptop%26pd_rd_i%3DB0F637DPFW%26pd_rd_r%3D1ffc0c24-63f8-4955-a75b-81b2ff6d6a49%26pd_rd_w%3DOEu3k%26pd_rd_wg%3DLOitg%26pf_rd_p%3Df4325b99-8968-4d6c-a274-a54cc530dfac%26pf_rd_r%3DWFPFK21A0WCPQN3244E8%26qid%3D1763184287%26sbo%3DRZvfv%252F%252FHxDF%252BO5021pAnSA%253D%253D%26sr%3D1-34-2ec22325-1003-449d-8aaf-c0bcc24717ae-spons%26aref%3DY1CSiZgkEb%26sp_csd%3Dd2lkZ2V0TmFtZT1zcF9zZWFyY2hfdGhlbWF0aWM%26psc%3D1&aref=Y1CSiZgkEb&sp_cr=ZAZ,Organic
B0F637DPFW,,,,,,Organic
B09MM58Y7Q,,"₹33,811",4.0 out of 5 stars,https://m.media-amazon.com/images/I/71xHNSCyRsL._AC_UL320_.jpg,https://www.amazon.in/sspa/click?ie=UTF8&spc=MTo1Njg3NTI5ODc1NjkwNTA5OjE3NjMxODQyODc6c3Bfc2VhcmNoX3RoZW1hdGljOjMwMDExOTc4MTY1ODUzMjo6Mjo6&url=%2FLenovo-MSOffice-82R400BRIN-Integrated-Graphics%2Fdp%2FB09MM58Y7Q%2Fref%3Dsxin_14_pa_sp_search_thematic_sspa%3Fcontent-id%3Damzn1.sym.f4325b99-8968-4d6c-a274-a54cc530dfac%253Aamzn1.sym.f4325b99-8968-4d6c-a274-a54cc530dfac%26cv_ct_cx%3Dlaptop%26keywords%3Dlaptop%26pd_rd_i%3DB09MM58Y7Q%26pd_rd_r%3D1ffc0c24-63f8-4955-a75b-81b2ff6d6a49%26pd_rd_w%3DOEu3k%26pd_rd_wg%3DLOitg%26pf_rd_p%3Df4325b99-8968-4d6c-a274-a54cc530dfac%26pf_rd_r%3DWFPFK21A0WCPQN3244E8%26qid%3D1763184287%26sbo%3DRZvfv%252F%252FHxDF%252BO5021pAnSA%253D%253D%26sr%3D1-35-2ec22325-1003-449d-8aaf-c0bcc24717ae-spons%26aref%3DlMaimNPW8b%26sp_csd%3Dd2lkZ2V0TmFtZT1zcF9zZWFyY2hfdGhlbWF0aWM%26psc%3D1&aref=lMaimNPW8b&sp_cr=ZAZ,Organic
B09MM58Y7Q,,,,,,Organic
B0DG5CY2Y2,,"₹28,990",4.0 out of 5 stars,https://m.media-amazon.com/images/I/61Kfqt-h5-L._AC_UL320_.jpg,https://www.amazon.in/sspa/click?ie=UTF8&spc=MTo1Njg3NTI5ODc1NjkwNTA5OjE3NjMxODQyODc6c3Bfc2VhcmNoX3RoZW1hdGljOjMwMDcxMTYzODIzODIzMjo6Mzo6&url=%2FDell-Inspiron-3535-Windows-Processor%2Fdp%2FB0DG5CY2Y2%2Fref%3Dsxin_14_pa_sp_search_thematic_sspa%3Fcontent-id%3Damzn1.sym.f4325b99-8968-4d6c-a274-a54cc530dfac%253Aamzn1.sym.f4325b99-8968-4d6c-a274-a54cc530dfac%26cv_ct_cx%3Dlaptop%26keywords%3Dlaptop%26pd_rd_i%3DB0DG5CY2Y2%26pd_rd_r%3D1ffc0c24-63f8-4955-a75b-81b2ff6d6a49%26pd_rd_w%3DOEu3k%26pd_rd_wg%3DLOitg%26pf_rd_p%3Df4325b99-8968-4d6c-a274-a54cc530dfac%26pf_rd_r%3DWFPFK21A0WCPQN3244E8%26qid%3D1763184287%26sbo%3DRZvfv%252F%252FHxDF%252BO5021pAnSA%253D%253D%26sr%3D1-36-2ec22325-1003-449d-8aaf-c0bcc24717ae-spons%26aref%3D0SixRPCfro%26sp_csd%3Dd2lkZ2V0TmFtZT1zcF9zZWFyY2hfdGhlbWF0aWM%26psc%3D1&aref=0SixRPCfro&sp_cr=ZAZ,Organic
B0DG5CY2Y2,,,,,,Organic
B0FFMQB3KL,,"₹20,990",4.5 out of 5 stars,https://m.media-amazon.com/images/I/51JTBldTCXL._AC_UL320_.jpg,https://www.amazon.in/sspa/click?ie=UTF8&spc=MTo1Njg3NTI5ODc1NjkwNTA5OjE3NjMxODQyODc6c3Bfc2VhcmNoX3RoZW1hdGljOjMwMDcwNjM5MjAxMDAzMjo6NDo6&url=%2FPrimebook-Storage-15-6-Inch-MediaTek-Keyboard%2Fdp%2FB0FFMQB3KL%2Fref%3Dsxin_14_pa_sp_search_thematic_sspa%3Fcontent-id%3Damzn1.sym.f4325b99-8968-4d6c-a274-a54cc530dfac%253Aamzn1.sym.f4325b99-8968-4d6c-a274-a54cc530dfac%26cv_ct_cx%3Dlaptop%26keywords%3Dlaptop%26pd_rd_i%3DB0FFMQB3KL%26pd_rd_r%3D1ffc0c24-63f8-4955-a75b-81b2ff6d6a49%26pd_rd_w%3DOEu3k%26pd_rd_wg%3DLOitg%26pf_rd_p%3Df4325b99-8968-4d6c-a274-a54cc530dfac%26pf_rd_r%3DWFPFK21A0WCPQN3244E8%26qid%3D1763184287%26sbo%3DRZvfv%252F%252FHxDF%252BO5021pAnSA%253D%253D%26sr%3D1-37-2ec22325-1003-449d-8aaf-c0bcc24717ae-spons%26aref%3DzUANlRM61Y%26sp_csd%3Dd2lkZ2V0TmFtZT1zcF9zZWFyY2hfdGhlbWF0aWM%26psc%3D1&aref=zUANlRM61Y&sp_cr=ZAZ,Organic
B0FFMQB3KL,,,,,,Organic
B0D268HBQY,,,,,,Organic
B0FNQYPBT9,,,,,,Organic
B0F5B2X1SD,,,,,,Organic
B0D268HBQY,,,,,,Organic
B0FNQYPBT9,,,,,,Organic
B0F5B2X1SD,,,,,,Organic
B0FDWH5WTL,,"₹37,990",,https://m.media-amazon.com/images/I/71I4NoKj-oL._AC_UY218_.jpg,https://www.amazon.in/Dell-Laptop-Processor-Graphics-Display/dp/B0FDWH5WTL/ref=sr_1_38?dib=eyJ2IjoiMSJ9.3avm6vsQHJvCJ648HACB-zOYAqdO78m705j4HshfSp00W-NXpJx23Qnw8vii9gxmdZROryxq4aIWwNxMtDlv2UK7Ly5lGMjYyM9jv0lQRAFdjvwR_tpBU2TQXI-lviItbcE44tMvKUAuhMsPdrOzM7CRUEn6D-CtrEsKVawCb7gLFQm2xtzpxSWNjE1Q7gTtbg_ILZk0eY25evq2sjQ0cFkH0GcHb3mkLDETIai8gKw.tAjEnIAvu4yIqfIV_Gu1b1MX5GzTEJ0kGlLYGJWKizc&dib_tag=se&keywords=laptop&qid=1763184287&sr=8-38,Organic
B0FDWH5WTL,,,,,,Organic
B0F8QDP5MK,,"₹26,410",3.8 out of 5 stars,https://m.media-amazon.com/images/I/71bDJ9wxxWL._AC_UY218_.jpg,https://www.amazon.in/Lenovo-IdeaPad-Celeron-Windows-82LX00F7IN/dp/B0F8QDP5MK/ref=sr_1_39?dib=eyJ2IjoiMSJ9.3avm6vsQHJvCJ648HACB-zOYAqdO78m705j4HshfSp00W-NXpJx23Qnw8vii9gxmdZROryxq4aIWwNxMtDlv2UK7Ly5lGMjYyM9jv0lQRAFdjvwR_tpBU2TQXI-lviItbcE44tMvKUAuhMsPdrOzM7CRUEn6D-CtrEsKVawCb7gLFQm2xtzpxSWNjE1Q7gTtbg_ILZk0eY25evq2sjQ0cFkH0GcHb3mkLDETIai8gKw.tAjEnIAvu4yIqfIV_Gu1b1MX5GzTEJ0kGlLYGJWKizc&dib_tag=se&keywords=laptop&qid=1763184287&sr=8-39,Organic
B0F8QDP5MK,,,,,,Organic
B0D2D93HY2,,"₹2,02,000",2.8 out of 5 stars,https://m.media-amazon.com/images/I/61ziSzsGEbL._AC_UY218_.jpg,https://www.amazon.in/Acer-Predator-Processor-GeForce-PH16-72/dp/B0D2D93HY2/ref=sr_1_40?dib=eyJ2IjoiMSJ9.3avm6vsQHJvCJ648HACB-zOYAqdO78m705j4HshfSp00W-NXpJx23Qnw8vii9gxmdZROryxq4aIWwNxMtDlv2UK7Ly5lGMjYyM9jv0lQRAFdjvwR_tpBU2TQXI-lviItbcE44tMvKUAuhMsPdrOzM7CRUEn6D-CtrEsKVawCb7gLFQm2xtzpxSWNjE1Q7gTtbg_ILZk0eY25evq2sjQ0cFkH0GcHb3mkLDETIai8gKw.tAjEnIAvu4yIqfIV_Gu1b1MX5GzTEJ0kGlLYGJWKizc&dib_tag=se&keywords=laptop&qid=1763184287&sr=8-40,Organic
B0D2D93HY2,,,,,,Organic
B0FVJV2XQ4,,"₹52,290",5.0 out of 5 stars,https://m.media-amazon.com/images/I/718fanx81QL._AC_UY218_.jpg,https://www.amazon.in/HP-10th-Light-Business-Black/dp/B0FVJV2XQ4/ref=sr_1_41?dib=eyJ2IjoiMSJ9.3avm6vsQHJvCJ648HACB-zOYAqdO78m705j4HshfSp00W-NXpJx23Qnw8vii9gxmdZROryxq4aIWwNxMtDlv2UK7Ly5lGMjYyM9jv0lQRAFdjvwR_tpBU2TQXI-lviItbcE44tMvKUAuhMsPdrOzM7CRUEn6D-CtrEsKVawCb7gLFQm2xtzpxSWNjE1Q7gTtbg_ILZk0eY25evq2sjQ0cFkH0GcHb3mkLDETIai8gKw.tAjEnIAvu4yIqfIV_Gu1b1MX5GzTEJ0kGlLYGJWKizc&dib_tag=se&keywords=laptop&qid=1763184287&sr=8-41,Organic
B0FVJV2XQ4,,,,,,Organic
B0F2TMZJ24,,"₹14,990",3.8 out of 5 stars,https://m.media-amazon.com/images/I/61QY1NrWQBL._AC_UY218_.jpg,https://www.amazon.in/Lenovo-SmartChoice-Chromebook-Speakers-82UY0014HA/dp/B0F2TMZJ24/ref=sr_1_42?dib=eyJ2IjoiMSJ9.3avm6vsQHJvCJ648HACB-zOYAqdO78m705j4HshfSp00W-NXpJx23Qnw8vii9gxmdZROryxq4aIWwNxMtDlv2UK7Ly5lGMjYyM9jv0lQRAFdjvwR_tpBU2TQXI-lviItbcE44tMvKUAuhMsPdrOzM7CRUEn6D-CtrEsKVawCb7gLFQm2xtzpxSWNjE1Q7gTtbg_ILZk0eY25evq2sjQ0cFkH0GcHb3mkLDETIai8gKw.tAjEnIAvu4yIqfIV_Gu1b1MX5GzTEJ0kGlLYGJWKizc&dib_tag=se&keywords=laptop&qid=1763184287&sr=8-42,Organic
B0F2TMZJ24,,,,,,Organic
B0DZDC247V,,"₹91,990",4.6 out of 5 stars,https://m.media-amazon.com/images/I/71XIkqkx+KL._AC_UY218_.jpg,https://www.amazon.in/sspa/click?ie=UTF8&spc=MTo3NTA5Mzk5MTEyODQ1MzExOjE3NjMxODQyODc6c3BfbXRmOjMwMDQ5OTQ1MzM0NzMzMjo6MDo6&url=%2FApple-MacBook-13-inch-10-core-Unified%2Fdp%2FB0DZDC247V%2Fref%3Dsr_1_43_sspa%3Fdib%3DeyJ2IjoiMSJ9.3avm6vsQHJvCJ648HACB-zOYAqdO78m705j4HshfSp00W-NXpJx23Qnw8vii9gxmdZROryxq4aIWwNxMtDlv2UK7Ly5lGMjYyM9jv0lQRAFdjvwR_tpBU2TQXI-lviItbcE44tMvKUAuhMsPdrOzM7CRUEn6D-CtrEsKVawCb7gLFQm2xtzpxSWNjE1Q7gTtbg_ILZk0eY25evq2sjQ0cFkH0GcHb3mkLDETIai8gKw.tAjEnIAvu4yIqfIV_Gu1b1MX5GzTEJ0kGlLYGJWKizc%26dib_tag%3Dse%26keywords%3Dlaptop%26qid%3D1763184287%26sr%3D8-43-spons%26aref%3DVn4tgZoBrX%26sp_csd%3Dd2lkZ2V0TmFtZT1zcF9tdGY%26psc%3D1&aref=Vn4tgZoBrX&sp_cr=ZAZ,Ad
B0DZDC247V,,,,,,Organic
B0F4XHB911,,"₹86,990",3.5 out of 5 stars,https://m.media-amazon.com/images/I/71oQ0rki+-L._AC_UY218_.jpg,https://www.amazon.in/sspa/click?ie=UTF8&spc=MTo3NTA5Mzk5MTEyODQ1MzExOjE3NjMxODQyODc6c3BfbXRmOjMwMDc4MDA3NjE1NzYzMjo6MDo6&url=%2FLenovo-IdeaPad-83HX001NIN-Copilot-Keyboard%2Fdp%2FB0F4XHB911%2Fref%3Dsr_1_44_sspa%3Fdib%3DeyJ2IjoiMSJ9.3avm6vsQHJvCJ648HACB-zOYAqdO78m705j4HshfSp00W-NXpJx23Qnw8vii9gxmdZROryxq4aIWwNxMtDlv2UK7Ly5lGMjYyM9jv0lQRAFdjvwR_tpBU2TQXI-lviItbcE44tMvKUAuhMsPdrOzM7CRUEn6D-CtrEsKVawCb7gLFQm2xtzpxSWNjE1Q7gTtbg_ILZk0eY25evq2sjQ0cFkH0GcHb3mkLDETIai8gKw.tAjEnIAvu4yIqfIV_Gu1b1MX5GzTEJ0kGlLYGJWKizc%26dib_tag%3Dse%26keywords%3Dlaptop%26qid%3D1763184287%26sr%3D8-44-spons%26aref%3DgF5bhivy23%26sp_csd%3Dd2lkZ2V0TmFtZT1zcF9tdGY%26psc%3D1&aref=gF5bhivy23&sp_cr=ZAZ,Ad
B0F4XHB911,,,,,,Organic
B0FG2RJ9NC,,"₹40,990",3.8 out of 5 stars,https://m.media-amazon.com/images/I/7156bBh8W2L._AC_UY218_.jpg,https://www.amazon.in/Dell-Vostro-Intel-Core-13th/dp/B0FG2RJ9NC/ref=sr_1_45?dib=eyJ2IjoiMSJ9.3avm6vsQHJvCJ648HACB-zOYAqdO78m705j4HshfSp00W-NXpJx23Qnw8vii9gxmdZROryxq4aIWwNxMtDlv2UK7Ly5lGMjYyM9jv0lQRAFdjvwR_tpBU2TQXI-lviItbcE44tMvKUAuhMsPdrOzM7CRUEn6D-CtrEsKVawCb7gLFQm2xtzpxSWNjE1Q7gTtbg_ILZk0eY25evq2sjQ0cFkH0GcHb3mkLDETIai8gKw.tAjEnIAvu4yIqfIV_Gu1b1MX5GzTEJ0kGlLYGJWKizc&dib_tag=se&keywords=laptop&qid=1763184287&sr=8-45,Organic
B0FG2RJ9NC,,,,,,Organic
B0FD8TSZQC,,"₹48,990",3.6 out of 5 stars,https://m.media-amazon.com/images/I/51XpiWaeMQL._AC_UY218_.jpg,https://www.amazon.in/Lenovo-ThinkBook-Fingerprint-Aluminium-21MWA0AUIN/dp/B0FD8TSZQC/ref=sr_1_46?dib=eyJ2IjoiMSJ9.3avm6vsQHJvCJ648HACB-zOYAqdO78m705j4HshfSp00W-NXpJx23Qnw8vii9gxmdZROryxq4aIWwNxMtDlv2UK7Ly5lGMjYyM9jv0lQRAFdjvwR_tpBU2TQXI-lviItbcE44tMvKUAuhMsPdrOzM7CRUEn6D-CtrEsKVawCb7gLFQm2xtzpxSWNjE1Q7gTtbg_ILZk0eY25evq2sjQ0cFkH0GcHb3mkLDETIai8gKw.tAjEnIAvu4yIqfIV_Gu1b1MX5GzTEJ0kGlLYGJWKizc&dib_tag=se&keywords=laptop&qid=1763184287&sr=8-46,Organic
B0FD8TSZQC,,,,,,Organic
B0FFTLRYRV,,"₹58,490",5.0 out of 5 stars,https://m.media-amazon.com/images/I/71Go8vTBwXL._AC_UY218_.jpg,https://www.amazon.in/HP-Anti-Glare-Micro-Edge-FD0640TU-privacy/dp/B0FFTLRYRV/ref=sr_1_47?dib=eyJ2IjoiMSJ9.3avm6vsQHJvCJ648HACB-zOYAqdO78m705j4HshfSp00W-NXpJx23Qnw8vii9gxmdZROryxq4aIWwNxMtDlv2UK7Ly5lGMjYyM9jv0lQRAFdjvwR_tpBU2TQXI-lviItbcE44tMvKUAuhMsPdrOzM7CRUEn6D-CtrEsKVawCb7gLFQm2xtzpxSWNjE1Q7gTtbg_ILZk0eY25evq2sjQ0cFkH0GcHb3mkLDETIai8gKw.tAjEnIAvu4yIqfIV_Gu1b1MX5GzTEJ0kGlLYGJWKizc&dib_tag=se&keywords=laptop&qid=1763184287&sr=8-47,Organic
B0FFTLRYRV,,,,,,Organic
B0DFVJG2T2,,"₹82,438",5.0 out of 5 stars,https://m.media-amazon.com/images/I/71MESpatrQL._AC_UY218_.jpg,https://www.amazon.in/MSI-Katana-Windows-GeForce-B8VE-481IN/dp/B0DFVJG2T2/ref=sr_1_48?dib=eyJ2IjoiMSJ9.3avm6vsQHJvCJ648HACB-zOYAqdO78m705j4HshfSp00W-NXpJx23Qnw8vii9gxmdZROryxq4aIWwNxMtDlv2UK7Ly5lGMjYyM9jv0lQRAFdjvwR_tpBU2TQXI-lviItbcE44tMvKUAuhMsPdrOzM7CRUEn6D-CtrEsKVawCb7gLFQm2xtzpxSWNjE1Q7gTtbg_ILZk0eY25evq2sjQ0cFkH0GcHb3mkLDETIai8gKw.tAjEnIAvu4yIqfIV_Gu1b1MX5GzTEJ0kGlLYGJWKizc&dib_tag=se&keywords=laptop&qid=1763184287&sr=8-48,Organic
B0DFVJG2T2,,,,,,Organic
B0FDQ2R315,,"₹49,990",3.7 out of 5 stars,https://m.media-amazon.com/images/I/71-tA1jB0rL._AC_UY218_.jpg,https://www.amazon.in/Dell-15-Platinum-Graphics-Standard/dp/B0FDQ2R315/ref=sr_1_49?dib=eyJ2IjoiMSJ9.3avm6vsQHJvCJ648HACB-zOYAqdO78m705j4HshfSp00W-NXpJx23Qnw8vii9gxmdZROryxq4aIWwNxMtDlv2UK7Ly5lGMjYyM9jv0lQRAFdjvwR_tpBU2TQXI-lviItbcE44tMvKUAuhMsPdrOzM7CRUEn6D-CtrEsKVawCb7gLFQm2xtzpxSWNjE1Q7gTtbg_ILZk0eY25evq2sjQ0cFkH0GcHb3mkLDETIai8gKw.tAjEnIAvu4yIqfIV_Gu1b1MX5GzTEJ0kGlLYGJWKizc&dib_tag=se&keywords=laptop&qid=1763184287&sr=8-49,Organic
B0FDQ2R315,,,,,,Organic
B0FCXZ85YX,,"₹42,990",3.9 out of 5 stars,https://m.media-amazon.com/images/I/71JEGsayyGL._AC_UY218_.jpg,https://www.amazon.in/Aspire-7-7730U-Windows-Office-AL15-41/dp/B0FCXZ85YX/ref=sr_1_50?dib=eyJ2IjoiMSJ9.3avm6vsQHJvCJ648HACB-zOYAqdO78m705j4HshfSp00W-NXpJx23Qnw8vii9gxmdZROryxq4aIWwNxMtDlv2UK7Ly5lGMjYyM9jv0lQRAFdjvwR_tpBU2TQXI-lviItbcE44tMvKUAuhMsPdrOzM7CRUEn6D-CtrEsKVawCb7gLFQm2xtzpxSWNjE1Q7gTtbg_ILZk0eY25evq2sjQ0cFkH0GcHb3mkLDETIai8gKw.tAjEnIAvu4yIqfIV_Gu1b1MX5GzTEJ0kGlLYGJWKizc&dib_tag=se&keywords=laptop&qid=1763184287&sr=8-50,Organic
B0FCXZ85YX,,,,,,Organic
B0FBRF3YVJ,,"₹1,57,490",,https://m.media-amazon.com/images/I/418mkRJhlqL._AC_UY218_.jpg,https://www.amazon.in/Lenovo-ThinkPad-Windows-Fingerprint-21MLS04600/dp/B0FBRF3YVJ/ref=sr_1_51?dib=eyJ2IjoiMSJ9.3avm6vsQHJvCJ648HACB-zOYAqdO78m705j4HshfSp00W-NXpJx23Qnw8vii9gxmdZROryxq4aIWwNxMtDlv2UK7Ly5lGMjYyM9jv0lQRAFdjvwR_tpBU2TQXI-lviItbcE44tMvKUAuhMsPdrOzM7CRUEn6D-CtrEsKVawCb7gLFQm2xtzpxSWNjE1Q7gTtbg_ILZk0eY25evq2sjQ0cFkH0GcHb3mkLDETIai8gKw.tAjEnIAvu4yIqfIV_Gu1b1MX5GzTEJ0kGlLYGJWKizc&dib_tag=se&keywords=laptop&qid=1763184287&sr=8-51,Organic
B0FBRF3YVJ,,,,,,Organic
B0D5DFR78J,,"₹65,990",4.1 out of 5 stars,https://m.media-amazon.com/images/I/61nTNphSBvL._AC_UY218_.jpg,https://www.amazon.in/ASUS-15-6-inch-GeForce-Graphite-FA506NCR-HN054W/dp/B0D5DFR78J/ref=sr_1_52?dib=eyJ2IjoiMSJ9.3avm6vsQHJvCJ648HACB-zOYAqdO78m705j4HshfSp00W-NXpJx23Qnw8vii9gxmdZROryxq4aIWwNxMtDlv2UK7Ly5lGMjYyM9jv0lQRAFdjvwR_tpBU2TQXI-lviItbcE44tMvKUAuhMsPdrOzM7CRUEn6D-CtrEsKVawCb7gLFQm2xtzpxSWNjE1Q7gTtbg_ILZk0eY25evq2sjQ0cFkH0GcHb3mkLDETIai8gKw.tAjEnIAvu4yIqfIV_Gu1b1MX5GzTEJ0kGlLYGJWKizc&dib_tag=se&keywords=laptop&qid=1763184287&sr=8-52,Organic
B0D5DFR78J,,,,,,Organic
B0D2Y1BLDT,,"₹55,990",3.7 out of 5 stars,https://m.media-amazon.com/images/I/712WiT-wexL._AC_UY218_.jpg,https://www.amazon.in/sspa/click?ie=UTF8&spc=MTo3NTA5Mzk5MTEyODQ1MzExOjE3NjMxODQyODc6c3BfYnRmOjMwMDc2NDAzNjQxODIzMjo6MDo6&url=%2FDell-Intel-Core-13th-Gen%2Fdp%2FB0D2Y1BLDT%2Fref%3Dsr_1_53_sspa%3Fdib%3DeyJ2IjoiMSJ9.3avm6vsQHJvCJ648HACB-zOYAqdO78m705j4HshfSp00W-NXpJx23Qnw8vii9gxmdZROryxq4aIWwNxMtDlv2UK7Ly5lGMjYyM9jv0lQRAFdjvwR_tpBU2TQXI-lviItbcE44tMvKUAuhMsPdrOzM7CRUEn6D-CtrEsKVawCb7gLFQm2xtzpxSWNjE1Q7gTtbg_ILZk0eY25evq2sjQ0cFkH0GcHb3mkLDETIai8gKw.tAjEnIAvu4yIqfIV_Gu1b1MX5GzTEJ0kGlLYGJWKizc%26dib_tag%3Dse%26keywords%3Dlaptop%26qid%3D1763184287%26sr%3D8-53-spons%26aref%3D2wLeEr8099%26sp_csd%3Dd2lkZ2V0TmFtZT1zcF9idGY%26psc%3D1&aref=2wLeEr8099&sp_cr=ZAZ,Ad
B0D2Y1BLDT,,,,,,Organic
B0F8QFMXJ7,,"₹37,990",3.7 out of 5 stars,https://m.media-amazon.com/images/I/81Be1f26lVL._AC_UY218_.jpg,https://www.amazon.in/sspa/click?ie=UTF8&spc=MTo3NTA5Mzk5MTEyODQ1MzExOjE3NjMxODQyODc6c3BfYnRmOjMwMDYwOTQ4NzI5MzYzMjo6MDo6&url=%2FLenovo-IdeaPad-39-6cm-Windows-82X700G5IN%2Fdp%2FB0F8QFMXJ7%2Fref%3Dsr_1_54_sspa%3Fdib%3DeyJ2IjoiMSJ9.3avm6vsQHJvCJ648HACB-zOYAqdO78m705j4HshfSp00W-NXpJx23Qnw8vii9gxmdZROryxq4aIWwNxMtDlv2UK7Ly5lGMjYyM9jv0lQRAFdjvwR_tpBU2TQXI-lviItbcE44tMvKUAuhMsPdrOzM7CRUEn6D-CtrEsKVawCb7gLFQm2xtzpxSWNjE1Q7gTtbg_ILZk0eY25evq2sjQ0cFkH0GcHb3mkLDETIai8gKw.tAjEnIAvu4yIqfIV_Gu1b1MX5GzTEJ0kGlLYGJWKizc%26dib_tag%3Dse%26keywords%3Dlaptop%26qid%3D1763184287%26sr%3D8-54-spons%26aref%3DcLzwbn95aZ%26sp_csd%3Dd2lkZ2V0TmFtZT1zcF9idGY%26psc%3D1&aref=cLzwbn95aZ&sp_cr=ZAZ,Ad
B0F8QFMXJ7,,,,,,Organic
